{
  "ActivityTitle": "<p class='quill-source-editor'>Switzerland or Austria?</p>",
  "QuestionStem": "<p class='quill-source-editor'>Can you tell the difference?</p>",
  "VOIntro": "",
  "Tip": "",
  "Summary": "",
  "image": "",
  "layoutType": "",
  "inputType": "",
  "hotSpotWidth": 40,
  "hotSpotHeight": 44,
  "translucent": false,
  "options": [
    {
      "id": "1",
      "direction": "",
      "left": "",
      "top": "",
      "target": "1",
      "label": "<p class='quill-source-editor'>Switzerland</p>"
    },
    {
      "id": "2",
      "direction": "",
      "left": "",
      "top": "",
      "target": "2",
      "label": "<p class='quill-source-editor'>Austria</p>"
    }
  ],
  "draggables": [
    {
      "id": "1",
      "label": "",
      "target": "<p class='quill-source-editor'>neutral in international conflicts</p>"
    },
    {
      "id": "2",
      "label": "",
      "target": "<p class='quill-source-editor'>home of Habsburg rule</p>"
    },
    {
      "id": "3",
      "label": "",
      "target": "<p class='quill-source-editor'>mostly German speaking </p>"
    },
    {
      "id": "4",
      "label": "",
      "target": "<p class='quill-source-editor'>mainly German and French speaking</p>"
    },
    {
      "id": "5",
      "label": "",
      "target": "<p class='quill-source-editor'>divided into 26 cantons</p>"
    },
    {
      "id": "6",
      "label": "",
      "target": "<p class='quill-source-editor'>has Bern as a capital</p>"
    },
    {
      "id": "7",
      "label": "",
      "target": "<p class='quill-source-editor'>has Vienna as a capital</p>"
    },
    {
      "id": "8",
      "label": "",
      "target": "<p class='quill-source-editor'>fought and lost in World War I</p>"
    },
    {
      "id": "9",
      "label": "",
      "target": "<p class='quill-source-editor'>famous for chocolate and cheese</p>"
    },
    {
      "id": "10",
      "label": "",
      "target": "<p class='quill-source-editor'>once the center of a powerful empire</p>"
    }
  ],
  "Stimulus": {
    "image": {
      "src": "",
      "altText": "",
      "credits": ""
    },
    "text": {
      "src": ""
    },
    "audio": {
      "src": "",
      "caption": "",
      "credit": ""
    },
    "video": {
      "src": ""
    }
  },
  "instantFeedbackAllowed": false,
  "optionsAreImages": false,
  "optionsType": "text",
  "CorrectCannedResponse": "<p class=\"quill-source-editor\">Well Done.</p>",
  "CorrectFeedback": "",
  "PartiallyCannedResponse": "<p class=\"quill-source-editor\">That's not it.</p>",
  "PartiallyCorrectFeedback": "",
  "IncorrectCannedResponse": "<p class=\"quill-source-editor\">That's not it.</p>",
  "IncorrectFeedback": "",
  "FinalIncorrectCannedResponse": "<p class=\"quill-source-editor\">That’s not it.</p>",
  "FinalIncorrectFeedback": "",
  "CorrectVOFeedback": "",
  "PartiallyCorrectVOFeedback": "",
  "IncorrectVOFeedback": "",
  "FinalIncorrectVOFeedback": "",
  "AudioFromRCE": true,
  "isPracticeInteraction": true,
  "AllowFullScreen": true,
  "AllowRefresh": true,
  "ShowAnswerOption": false,
  "SubmitToTeacherOption": false,
  "MaxAttempts": "",
  "audioFile": "../../audio/manifests/config.json",
  "audioSchema": "drag_drop_background_audio_schema.json",
  "hasCustomAttempts": true,
  "selectedLocale": "en-US"
}
