{
  "type": "ExpLib_MCQ",
  "contentId": "",
  "playlists": [
    {
      "id": "start",
      "trackIds": [
        "ActivityTitle",
        "QuestionStem",
        "optionsAnswerText-0",
        "optionsAnswerText-1",
        "optionsAnswerText-2",
        "optionsAnswerText-3"
      ]
    },
    {
      "id": "Incorrect-0",
      "trackIds": [
        "optionsCannedResponse-0",
        "optionsFeedback-0"
      ]
    },
    {
      "id": "Incorrect-1",
      "trackIds": [
        "optionsCannedResponse-1",
        "optionsFeedback-1"
      ]
    },
    {
      "id": "Incorrect-2",
      "trackIds": [
        "optionsCannedResponse-2",
        "optionsFeedback-2"
      ]
    },
    {
      "id": "Incorrect-3",
      "trackIds": [
        "optionsCannedResponse-3",
        "optionsFeedback-3"
      ]
    },
    {
      "id": "CorrectSingle",
      "trackIds": []
    },
    {
      "id": "tip",
      "trackIds": [
        "Tip"
      ]
    },
    {
      "id": "Correct",
      "trackIds": [
        "CorrectCannedResponse",
        "CorrectFeedback"
      ]
    },
    {
      "id": "Incorrect",
      "trackIds": [
        "IncorrectCannedResponse",
        "IncorrectFeedback"
      ]
    },
    {
      "id": "FinalIncorrect",
      "trackIds": [
        "FinalIncorrectCannedResponse",
        "FinalIncorrectFeedback"
      ]
    },
    {
      "id": "FinalIncorrectSingle",
      "trackIds": [
        "FinalCannedResponse",
        "FinalIncorrectFeedback"
      ]
    },
    {
      "id": "PartiallyCorrect",
      "trackIds": [
        "PartiallyCannedResponse",
        "PartiallyCorrectFeedback"
      ]
    }
  ],
  "tracks": [
    {
      "id": "ActivityTitle",
      "clipBegin": "00:00:00",
      "clipEnd": "00:00:01.384",
      "src": "../../../../audio/widgets/5ee29c42efdf4b5cae8294c483330853.mp3"
    },
    {
      "id": "QuestionStem",
      "clipBegin": "00:00:01.385",
      "clipEnd": "00:00:07.89",
      "src": "../../../../audio/widgets/5ee29c42efdf4b5cae8294c483330853.mp3"
    },
    {
      "id": "optionsAnswerText-0",
      "clipBegin": "00:00:07.891",
      "clipEnd": "00:00:10.843",
      "src": "../../../../audio/widgets/5ee29c42efdf4b5cae8294c483330853.mp3"
    },
    {
      "id": "optionsAnswerText-1",
      "clipBegin": "00:00:10.844",
      "clipEnd": "00:00:13.926",
      "src": "../../../../audio/widgets/5ee29c42efdf4b5cae8294c483330853.mp3"
    },
    {
      "id": "optionsAnswerText-2",
      "clipBegin": "00:00:13.927",
      "clipEnd": "00:00:17.14",
      "src": "../../../../audio/widgets/5ee29c42efdf4b5cae8294c483330853.mp3"
    },
    {
      "id": "optionsAnswerText-3",
      "clipBegin": "00:00:17.141",
      "clipEnd": "00:00:20.746",
      "src": "../../../../audio/widgets/5ee29c42efdf4b5cae8294c483330853.mp3"
    },
    {
      "id": "optionsCannedResponse-0",
      "clipBegin": "00:00:00.000",
      "clipEnd": "00:00:00.001",
      "src": "../../../../audio/widgets/5ee29c42efdf4b5cae8294c483330853.mp3"
    },
    {
      "id": "optionsCannedResponse-1",
      "clipBegin": "00:00:00.000",
      "clipEnd": "00:00:00.001",
      "src": "../../../../audio/widgets/5ee29c42efdf4b5cae8294c483330853.mp3"
    },
    {
      "id": "optionsCannedResponse-2",
      "clipBegin": "00:00:00.000",
      "clipEnd": "00:00:00.001",
      "src": "../../../../audio/widgets/5ee29c42efdf4b5cae8294c483330853.mp3"
    },
    {
      "id": "optionsCannedResponse-3",
      "clipBegin": "00:00:00.000",
      "clipEnd": "00:00:00.001",
      "src": "../../../../audio/widgets/5ee29c42efdf4b5cae8294c483330853.mp3"
    },
    {
      "id": "optionsFeedback-0",
      "clipBegin": "00:00:20.747",
      "clipEnd": "00:00:21.583",
      "src": "../../../../audio/widgets/5ee29c42efdf4b5cae8294c483330853.mp3"
    },
    {
      "id": "optionsFeedback-1",
      "clipBegin": "00:00:21.584",
      "clipEnd": "00:00:27.357",
      "src": "../../../../audio/widgets/5ee29c42efdf4b5cae8294c483330853.mp3"
    },
    {
      "id": "optionsFeedback-2",
      "clipBegin": "00:00:21.584",
      "clipEnd": "00:00:27.357",
      "src": "../../../../audio/widgets/5ee29c42efdf4b5cae8294c483330853.mp3"
    },
    {
      "id": "optionsFeedback-3",
      "clipBegin": "00:00:21.584",
      "clipEnd": "00:00:27.357",
      "src": "../../../../audio/widgets/5ee29c42efdf4b5cae8294c483330853.mp3"
    },
    {
      "id": "Tip",
      "clipBegin": "00:00:00.000",
      "clipEnd": "00:00:00.001",
      "src": "../../../../audio/widgets/5ee29c42efdf4b5cae8294c483330853.mp3"
    },
    {
      "id": "CorrectCannedResponse",
      "clipBegin": "00:00:00.000",
      "clipEnd": "00:00:00.001",
      "src": "../../../../audio/widgets/5ee29c42efdf4b5cae8294c483330853.mp3"
    },
    {
      "id": "CorrectFeedback",
      "clipBegin": "00:00:20.747",
      "clipEnd": "00:00:21.583",
      "src": "../../../../audio/widgets/5ee29c42efdf4b5cae8294c483330853.mp3"
    },
    {
      "id": "PartiallyCannedResponse",
      "clipBegin": "00:00:00.000",
      "clipEnd": "00:00:00.001",
      "src": "../../../../audio/widgets/5ee29c42efdf4b5cae8294c483330853.mp3"
    },
    {
      "id": "PartiallyCorrectFeedback",
      "clipBegin": "00:00:21.584",
      "clipEnd": "00:00:27.357",
      "src": "../../../../audio/widgets/5ee29c42efdf4b5cae8294c483330853.mp3"
    },
    {
      "id": "IncorrectCannedResponse",
      "clipBegin": "00:00:00.000",
      "clipEnd": "00:00:00.001",
      "src": "../../../../audio/widgets/5ee29c42efdf4b5cae8294c483330853.mp3"
    },
    {
      "id": "IncorrectFeedback",
      "clipBegin": "00:00:21.584",
      "clipEnd": "00:00:27.357",
      "src": "../../../../audio/widgets/5ee29c42efdf4b5cae8294c483330853.mp3"
    },
    {
      "id": "FinalCannedResponse",
      "clipBegin": "00:00:00.000",
      "clipEnd": "00:00:00.001",
      "src": "../../../../audio/widgets/5ee29c42efdf4b5cae8294c483330853.mp3"
    },
    {
      "id": "FinalIncorrectCannedResponse",
      "clipBegin": "00:00:00.000",
      "clipEnd": "00:00:00.001",
      "src": "../../../../audio/widgets/5ee29c42efdf4b5cae8294c483330853.mp3"
    },
    {
      "id": "FinalIncorrectFeedback",
      "clipBegin": "00:00:21.584",
      "clipEnd": "00:00:27.357",
      "src": "../../../../audio/widgets/5ee29c42efdf4b5cae8294c483330853.mp3"
    }
  ]
}