{
  "type": "SSNA_Multiple_Choice",
  "contentId": "",
  "playlists": [
    {
      "id": "init_screen",
      "trackIds": [
        "header",
        "question",
        "option-0",
        "option-1",
        "option-2",
        "option-3"
      ]
    },
    {
      "id": "revisit_correct_screen",
      "trackIds": [
        "header",
        "question",
        "correct_feedback"
      ]
    },
    {
      "id": "revisit_incorrect_screen",
      "trackIds": [
        "header",
        "question",
        "incorrect_feedback"
      ]
    },
    {
      "id": "correct_feedback",
      "trackIds": [
        "correct_feedback"
      ]
    },
    {
      "id": "incorrect_feedback",
      "trackIds": [
        "incorrect_feedback"
      ]
    }
  ],
  "tracks": [
    {
      "id": "header",
      "clipBegin": "00:00:00",
      "clipEnd": "00:00:01.384",
      "src": "../../audio/widgets/5ee29c42efdf4b5cae8294c483330853.mp3"
    },
    {
      "id": "question",
      "clipBegin": "00:00:01.385",
      "clipEnd": "00:00:07.89",
      "src": "../../audio/widgets/5ee29c42efdf4b5cae8294c483330853.mp3"
    },
    {
      "id": "option-0",
      "clipBegin": "00:00:07.891",
      "clipEnd": "00:00:10.843",
      "src": "../../audio/widgets/5ee29c42efdf4b5cae8294c483330853.mp3"
    },
    {
      "id": "option-1",
      "clipBegin": "00:00:10.844",
      "clipEnd": "00:00:13.926",
      "src": "../../audio/widgets/5ee29c42efdf4b5cae8294c483330853.mp3"
    },
    {
      "id": "option-2",
      "clipBegin": "00:00:13.927",
      "clipEnd": "00:00:17.14",
      "src": "../../audio/widgets/5ee29c42efdf4b5cae8294c483330853.mp3"
    },
    {
      "id": "option-3",
      "clipBegin": "00:00:17.141",
      "clipEnd": "00:00:20.746",
      "src": "../../audio/widgets/5ee29c42efdf4b5cae8294c483330853.mp3"
    },
    {
      "id": "correct_feedback",
      "clipBegin": "00:00:20.747",
      "clipEnd": "00:00:21.583",
      "src": "../../audio/widgets/5ee29c42efdf4b5cae8294c483330853.mp3"
    },
    {
      "id": "incorrect_feedback",
      "clipBegin": "00:00:21.584",
      "clipEnd": "00:00:27.357",
      "src": "../../audio/widgets/5ee29c42efdf4b5cae8294c483330853.mp3"
    }
  ]
}
