{
  "ActivityTitle": "<p class='quill-source-editor'>Cycle of Chinese Dynasties</p>",
  "QuestionStem": "<p class='quill-source-editor'>Chinese dynasties rose and fell in a similar pattern. Historians call this pattern the dynastic cycle.</p>",
  "VOIntro": "",
  "Tip": "",
  "Summary": "",
  "audioFile": "../../../../widget_data/audio_data/a4218452c1a44f93a671abe36a3fb82e.json",
  "audioSchema": "accordion_audio_schema.json",
  "Stimulus": {
    "image": {
      "src": "",
      "altText": "",
      "credits": ""
    },
    "text": {
      "src": ""
    },
    "audio": {
      "src": "",
      "caption": "",
      "credit": ""
    },
    "video": {
      "src": ""
    }
  },
  "isPracticeInteraction": false,
  "AudioFromRCE": true,
  "AllowFullScreen": true,
  "AllowRefresh": true,
  "showBackground": false,
  "options": [
  	{
      "id": "6",
      "title": "<p class='quill-source-editor'>Step 1. Mandate of Heaven</p>",
      "image": "../../../../../img/module_15_lesson01/ms_snlese673519_1196p.png",
      "imageAlt": "",
      "content": "<p class='quill-source-editor'>Beijing, China, is home to the circular Temple of Heaven.</p><p class='quill-source-editor'>The new dynasty is considered to have the Mandate of Heaven, or the approval of heaven.</p>",
      "isOpen": false
    },
    {
      "id": "1",
      "title": "<p class='quill-source-editor'>Step 2. Dynasty Weakens</p>",
      "image": "",
      "imageAlt": "",
      "content": "<p class='quill-source-editor'>In time, the dynasty declines and becomes corrupt. Its power weakens.</p>",
      "isOpen": false
    },
    {
      "id": "2",
      "title": "<p class='quill-source-editor'>Step 3. Dynasty Has Disasters</p>",
      "image": "",
      "imageAlt": "",
      "content": "<p class='quill-source-editor'>Disasters such as floods, famines, and invasions occur.</p>",
      "isOpen": false
    },
    {
      "id": 3,
      "title": "<p class='quill-source-editor'>Step 4. Dynasty Loses Mandate of Heaven</p>",
      "content": "<p class='quill-source-editor'>The old dynasty is seen as having lost the Mandate of Heaven.</p>",
      "image": "",
      "imageAlt": "",
      "isOpen": false
    },
    {
      "id": 4,
      "title": "<p class='quill-source-editor'>Step 5. Dynasty Overthrown</p>",
      "content": "<p class='quill-source-editor'>The dynasty is overthrown through rebellion.</p>",
      "image": "",
      "imageAlt": "",
      "isOpen": false
    },
    {
      "id": 5,
      "title": "<p class='quill-source-editor'>Step 6. New Dynasty Gains Power</p>",
      "content": "<p class='quill-source-editor'>The new dynasty gains power and restores peace and order.</p>",
      "image": "",
      "imageAlt": "",
      "isOpen": false
    }
  ],
  "moduleVersion": "2.13.0-V2.0",
  "SummaryAltText": ""
}