{
    "assets_config": {
      "image_path": "../../../../../img/cards/",
      "audio_path": "../../../../captions/audio/",
      "video_path": ""
    },
    "mapping_data": [
      

      {
        "source_key_name": "steptitle",
        "target_key_name": "title",
        "source_parent_name": "allsteps",
        "target_parent_name": "options",
        "iterative": "yes",
        "para_tag": "no",
        "difference_in_index": "0",
        "data_type": "text"
      },
       {
        "source_key_name": "desc",
        "target_key_name": "content",
        "source_parent_name": "allsteps",
        "target_parent_name": "options",
        "iterative": "yes",
        "para_tag": "no",
        "difference_in_index": "0",
        "data_type": "text"
      },
      {
        "source_key_name": "title",
        "target_key_name": "ActivityTitle",
        "source_parent_name": "",
        "target_parent_name": "",
        "iterative": "no",
        "para_tag": "no",
        "difference_in_index": "0",
        "data_type": "text"
      },
      {
        "source_key_name": "description",
        "target_key_name": "QuestionStem",
        "source_parent_name": "",
        "target_parent_name": "",
        "iterative": "no",
        "para_tag": "no",
        "difference_in_index": "0",
        "data_type": "text"
      },
      {
        "source_key_name": "audioFile",
        "target_key_name": "audioFile",
        "source_parent_name": "",
        "target_parent_name": "",
        "iterative": "no",
        "para_tag": "no",
        "difference_in_index": "audio_social",
        "data_type": "text"
      }

    ]
  }
