{
  "title": "<p>Cycle of Chinese Dynasties</p>",
  "description": "<p>Chinese dynasties rose and fell in a similar pattern. Historians call this pattern the dynastic cycle.</p>",
  "templateval": "vertical",
  "allsteps": [
    {
      "imagedet": {
        "desc": "<p>The new dynasty is considered to have the Mandate of Heaven, or the approval of heaven.</p>",
        "imagepath": "../../../img/module_15_lesson01/ms_snlese673519_1196p.png",
        "imagecaption": "<p>Beijing, China, is home to the circular Temple of Heaven.</p>"
      },
      "typeOfstep": "imagedet",
      "steptitle": "<p>Step 1. Mandate of Heaven</p>"
    },
    {
      "desc": "<p>In time, the dynasty declines and becomes corrupt. Its power weakens.</p>",
      "steptitle": "<p>Step 2. Dynasty Weakens</p>",
      "typeOfstep": "desctext"
    },
    {
      "desc": "<p>Disasters such as floods, famines, and invasions occur.</p>",
      "steptitle": "<p>Step 3. Dynasty Has Disasters</p>",
      "typeOfstep": "desctext"
    },
    {
      "desc": "<p>The old dynasty is seen as having lost the Mandate of Heaven.</p>",
      "steptitle": "<p>Step 4. Dynasty Loses Mandate of Heaven</p>",
      "typeOfstep": "desctext"
    },
    {
      "desc": "<p>The dynasty is overthrown through rebellion.</p>",
      "steptitle": "<p>Step 5. Dynasty Overthrown</p>",
      "typeOfstep": "desctext"
    },
    {
      "desc": "<p>The new dynasty gains power and restores peace and order.</p>",
      "steptitle": "<p>Step 6. New Dynasty Gains Power</p>",
      "typeOfstep": "desctext"
    }
  ],
  "audioSchema": "ssna_process_steps.json",
  "widgetType": "ssna-process-steps",
  "objectUuid": "a4218452c1a44f93a671abe36a3fb82e",
  "audioFile": "../../widget_data/audio_data/a4218452c1a44f93a671abe36a3fb82e.json"
}