{
  "type": "ExpLib_Accordion",
  "contentId": "",
  "playlists": [
    {
      "id": "start",
      "trackIds": [
        "ActivityTitle",
        "QuestionStem",
        "Stimulus",
        "Titles-0",
        "Content-0"
      ]
    },
    {
      "id": "tip",
      "trackIds": [
        "Tip"
      ]
    },
    {
      "id": "title-0",
      "trackIds": [
        "Titles-0"
      ]
    },
    {
      "id": "content-0",
      "trackIds": [
        "Content-0"
      ]
    }
  ],
  "tracks": [
    {
      "id": "ActivityTitle",
      "clipBegin": "00:00:00.000",
      "clipEnd": "00:00:01.724",
      "src": "../../../audio/widgets/62da23c8bd6d45a98f802b6ae6c536e6.mp3"
    },
    {
      "id": "QuestionStem",
      "clipBegin": "00:00:00.000",
      "clipEnd": "00:00:00.001",
      "src": "../../../audio/widgets/62da23c8bd6d45a98f802b6ae6c536e6.mp3"
    },
    {
      "id": "Stimulus",
      "clipBegin": "00:00:00.000",
      "clipEnd": "00:00:00.001",
      "src": "../../../audio/widgets/62da23c8bd6d45a98f802b6ae6c536e6.mp3"
    },
    {
      "id": "Tip",
      "clipBegin": "00:00:00.000",
      "clipEnd": "00:00:00.001",
      "src": "../../../audio/widgets/62da23c8bd6d45a98f802b6ae6c536e6.mp3"
    },
    {
      "id": "Titles-0",
      "clipBegin": "00:00:01.725",
      "clipEnd": "00:00:03.579",
      "src": "../../../audio/widgets/62da23c8bd6d45a98f802b6ae6c536e6.mp3"
    },
    {
      "id": "Content-0",
      "clipBegin": "00:00:03.581",
      "clipEnd": "00:01:02.749",
      "src": "../../../audio/widgets/62da23c8bd6d45a98f802b6ae6c536e6.mp3"
    }
  ]
}
