{
  "mapping_data": [
    {
      "source_key_name": "design_type",
      "target_key_name": "ActivityTitle",
      "parent_name_1": "clipBegin",
      "parent_name_2": "clipEnd",
      "iterative": "no",
      "array_type": "tracks",
      "array_type_pl": "",
      "reference_name": "id",
      "data_type": "text",
      "data_type_pl": "",
      "inside_trackid": ""
    },
    {
      "source_key_name": "header",
      "target_key_name": "Titles-0",
      "parent_name_1": "clipBegin",
      "parent_name_2": "clipEnd",
      "iterative": "no",
      "array_type": "tracks",
      "array_type_pl": "",
      "reference_name": "id",
      "data_type": "text",
      "data_type_pl": "",
      "inside_trackid": ""
    },
    {
      "source_key_name": "contents",
      "target_key_name": "Content-0",
      "parent_name_1": "clipBegin",
      "parent_name_2": "clipEnd",
      "iterative": "no",
      "array_type": "tracks",
      "array_type_pl": "",
      "reference_name": "id",
      "data_type": "text",
      "data_type_pl": "",
      "inside_trackid": ""
    },
    {
      "source_key_name": "",
      "target_key_name": "",
      "parent_name_1": "src",
      "parent_name_2": "",
      "iterative": "yes",
      "array_type": "tracks",
      "array_type_pl": "",
      "reference_name": "",
      "data_type": "srcpath",
      "data_type_pl": "",
      "inside_trackid": ""
    }
  ]
}
