{
  "type": "SSNA_Learn_More_About",
  "contentId": "",
  "playlists": [
    {
      "id": "init_screen",
      "trackIds": [
        "design_type",
        "header"
      ]
    },
    {
      "id": "description",
      "trackIds": [
        "image_caption",
        "contents"
      ]
    }
  ],
  "tracks": [
    {
      "id": "design_type",
      "clipBegin": "00:00:00.000",
      "clipEnd": "00:00:01.724",
      "src": "../../audio/widgets/62da23c8bd6d45a98f802b6ae6c536e6.mp3"
    },
    {
      "id": "header",
      "clipBegin": "00:00:01.725",
      "clipEnd": "00:00:03.579",
      "src": "../../audio/widgets/62da23c8bd6d45a98f802b6ae6c536e6.mp3"
    },
    {
      "id": "image_caption",
      "clipBegin": "00:00:03.580",
      "clipEnd": "00:00:03.580",
      "src": "../../audio/widgets/62da23c8bd6d45a98f802b6ae6c536e6.mp3"
    },
    {
      "id": "contents",
      "clipBegin": "00:00:03.581",
      "clipEnd": "00:01:02.749",
      "src": "../../audio/widgets/62da23c8bd6d45a98f802b6ae6c536e6.mp3"
    }
  ]
}
