{
  "assets_config": {
    "image_path": "../../../../../img/cards/",
    "audio_path": "",
    "video_path": ""
  },
  "mapping_data": [
    {
      "source_key_name": "design_type",
      "target_key_name": "ActivityTitle",
      "source_parent_name": "learnmore",
      "target_parent_name": "",
      "iterative": "no",
      "para_tag": "no",
      "difference_in_index": "0",
      "data_type": "text"
    },
    {
      "source_key_name": "header",
      "target_key_name": "title",
      "source_parent_name": "learnmore",
      "target_parent_name": "options",
      "iterative": "yes",
      "para_tag": "no",
      "difference_in_index": "0",
      "data_type": "text"
    },
    {
      "source_key_name": "paragraph",
      "target_key_name": "content",
      "source_parent_name": "learnmore",
      "target_parent_name": "options",
      "iterative": "yes",
      "para_tag": "no",
      "difference_in_index": "0",
      "data_type": "text"
    },
    {
      "source_key_name": "imagepath",
      "target_key_name": "image",
      "source_parent_name": "learnmore",
      "target_parent_name": "options",
      "iterative": "yes",
      "para_tag": "no",
      "difference_in_index": "0",
      "data_type": "image"
    },
    {
      "source_key_name": "alt_text",
      "target_key_name": "imageAlt",
      "source_parent_name": "learnmore",
      "target_parent_name": "options",
      "iterative": "yes",
      "para_tag": "no",
      "difference_in_index": "0",
      "data_type": "text"
    },
    {
      "source_key_name": "audioFile",
      "target_key_name": "audioFile",
      "source_parent_name": "",
      "target_parent_name": "",
      "iterative": "no",
      "para_tag": "no",
      "difference_in_index": "audio_social",
      "data_type": "text"
    }
  ]
}
