{
    "ActivityTitle":"",
    "QuestionStem":"",
    "VOIntro":"",
    "Tip":"",
    "Summary":"",
    "audioFile":"../../audio/manifests/config.json",
    "audioSchema":"accordion_audio_schema.json",
    "Stimulus":{
        "image":{
            "src":"",
            "altText":"",
            "credits":""
        },
        "text":{
            "src":""
        },
        "audio":{
            "src":"",
            "caption":"",
            "credit":""
        },
        "video":{
            "src":""
        }
    },
    "isPracticeInteraction":false,
    "AudioFromRCE":true,
    "AllowFullScreen":true,
    "AllowRefresh":true,
    "showBackground":false,
    "options":[
        {
            "id":"1",
            "title":"",
            "image":"",
            "imageAlt":"",
            "content":"",
            "isOpen":false
        }
    ],
    "moduleVersion":"2.10.0-V2.0",
    "SummaryAltText":""
}
