{
  "learnmore": {
    "header": "<p>Women in Vedic Society</p>",
    "paragraph": "<p>At the beginning of the Vedic period, women had the same place in society as men. They were required to receive an education and were free to choose whom to marry. Women were not expected to work only in the home, and they performed the same jobs as men. However, women eventually lost many of their freedoms. Many believed women needed to be protected, which led to limits being placed on what women could do.</p>",
    "image_mode": "hor",
    "image_align": "left",
    "image_at": "top",
    "imagepath": "../../../../../img/cards/test1.png",
    "imagepath_a": "../../../../../img/cards/test2.png",
    "image_caption": "<p><br></p>",
    "alt_text": "",
    "uuid": "5eb16145-e369-4dbf-8ccd-ae3f022d94a9"
  },
  "widgetType": "ssna-learn-more-about",
  "objectUuid": "a1cdb253cfff48b39325f6fd887bf367",
  "audioFile": "../../widget_data/audio_data/a1cdb253cfff48b39325f6fd887bf367.json",
  "audioSchema": "ssna_learn_more_about.json"
}