{
  "ActivityTitle": "Reading Check",
  "QuestionStem": "<p class='quill-source-editor'><strong>Summarize</strong> What promises did Mussolini make to the Italian people?</p>",
  "Tip": "",
  "Summary": "",
  "no-SampleAnswer": "",
  "SampleAnswer": "<p class='quill-source-editor'>He promised to revive their economy, rebuild the armed forces, and provide strong leadership.</p>",
  "InstructionText": "",
  "no-InstructionText": "",
  "qtype": "box",
  "AudioFromRCE": false,
  "AllowAudio": true,
  "AllowFullScreen": true,
  "AllowRefresh": true,
  "isPracticeInteraction": false,
  "ShowToolbar": "false",
  "ShowCharacterCount": "false",
  "SampleAnswerMode": "stack",
  "MaxCharacterLimit": "",
  "Stimulus": {
    "image": {
      "src": "",
      "no-src": "",
      "credits": ""
    },
    "text": {
      "src": ""
    },
    "audio": {
      "src": "",
      "caption": "",
      "credit": ""
    },
    "video": {
      "no-src": "",
      "src": ""
    }
  },
  "audioFile": "../../../../widget_data/audio_data/e5aad8fb23f240648d36f40701d084c8.json",
  "audioSchema": "short_text_audio_schema.json",
  "SummaryAltText": ""
}