{
  "character_map": false,
  "max_length": "10000",
  "show_word_limit": "alwayson",
  "type": "longtext",
  "header": "Reading Check",
  "stimulus": "<p><strong>Summarize</strong> What promises did Mussolini make to the Italian people?</p>",
  "metadata": {
    "feedback": "<p>He promised to revive their economy, rebuild the armed forces, and provide strong leadership.</p>"
  },
  "persistance": {
    "object_id": "1",
    "content_id": "320095b7-3574-4fb4-ac86-5486ab75a547",
    "l3": "M21",
    "l5": "L3"
  },
  "widgetType": "ssna-long-text-question",
  "objectUuid": "e5aad8fb23f240648d36f40701d084c8",
  "audioFile": "../../widget_data/audio_data/e5aad8fb23f240648d36f40701d084c8.json",
  "audioSchema": "ssna_long_text_question.json"
}