{
  "type": "ExpLib_Accordion",
  "contentId": "",
  "playlists": [
    {
      "id": "start",
      "trackIds": [
        "ActivityTitle",
        "QuestionStem",
        "Stimulus",
        "Titles-0",
        "Titles-1",
        "Titles-2",
        "Titles-3",
        "Titles-4",
        "Titles-5",
        "Content-0",
        "Content-1",
        "Content-2",
        "Content-3",
        "Content-4",
        "Content-5"
      ]
    },
    {
      "id": "tip",
      "trackIds": [
        "Tip"
      ]
    },
    {
      "id": "title-0",
      "trackIds": [
        "Titles-0"
      ]
    },
    {
      "id": "title-1",
      "trackIds": [
        "Titles-1"
      ]
    },
    {
      "id": "title-2",
      "trackIds": [
        "Titles-2"
      ]
    },
    {
      "id": "title-3",
      "trackIds": [
        "Titles-3"
      ]
    },
    {
      "id": "title-4",
      "trackIds": [
        "Titles-4"
      ]
    },
    {
      "id": "title-5",
      "trackIds": [
        "Titles-5"
      ]
    },
    {
      "id": "content-0",
      "trackIds": [
        "Content-0"
      ]
    },
    {
      "id": "content-1",
      "trackIds": [
        "Content-1"
      ]
    },
    {
      "id": "content-2",
      "trackIds": [
        "Content-2"
      ]
    },
    {
      "id": "content-3",
      "trackIds": [
        "Content-3"
      ]
    },
    {
      "id": "content-4",
      "trackIds": [
        "Content-4"
      ]
    },
    {
      "id": "content-5",
      "trackIds": [
        "Content-5"
      ]
    }
  ],
  "tracks": [
    {
      "id": "ActivityTitle",
      "clipBegin": "00:00:00",
      "clipEnd": "00:00:02.351",
      "src": "../../../../audio/widgets/a4218452c1a44f93a671abe36a3fb82e.mp3"
    },
    {
      "id": "QuestionStem",
      "clipBegin": "00:00:02.352",
      "clipEnd": "00:00:10.058",
      "src": "../../../../audio/widgets/a4218452c1a44f93a671abe36a3fb82e.mp3"
    },
    {
      "id": "Tip",
      "clipBegin": "00:00:00.000",
      "clipEnd": "00:00:00.001",
      "src": "../../../../audio/widgets/a4218452c1a44f93a671abe36a3fb82e.mp3"
    },
    {
      "id": "Stimulus",
      "clipBegin": "00:00:00.000",
      "clipEnd": "00:00:00.001",
      "src": "../../../../audio/widgets/a4218452c1a44f93a671abe36a3fb82e.mp3"
    },
    {
      "id": "Titles-0",
      "clipBegin": "00:00:10.059",
      "clipEnd": "00:00:12.724",
      "src": "../../../../audio/widgets/a4218452c1a44f93a671abe36a3fb82e.mp3"
    },
    {
      "id": "Titles-1",
      "clipBegin": "00:00:12.725",
      "clipEnd": "00:00:15.467",
      "src": "../../../../audio/widgets/a4218452c1a44f93a671abe36a3fb82e.mp3"
    },
    {
      "id": "Titles-2",
      "clipBegin": "00:00:15.468",
      "clipEnd": "00:00:18.812",
      "src": "../../../../audio/widgets/a4218452c1a44f93a671abe36a3fb82e.mp3"
    },
    {
      "id": "Titles-3",
      "clipBegin": "00:00:18.813",
      "clipEnd": "00:00:22.575",
      "src": "../../../../audio/widgets/a4218452c1a44f93a671abe36a3fb82e.mp3"
    },
    {
      "id": "Titles-4",
      "clipBegin": "00:00:22.576",
      "clipEnd": "00:00:25.737",
      "src": "../../../../audio/widgets/a4218452c1a44f93a671abe36a3fb82e.mp3"
    },
    {
      "id": "Titles-5",
      "clipBegin": "00:00:25.738",
      "clipEnd": "00:00:29.212",
      "src": "../../../../audio/widgets/a4218452c1a44f93a671abe36a3fb82e.mp3"
    },
    {
      "id": "Content-0",
      "clipBegin": "00:00:54.538",
      "clipEnd": "00:01:00.284",
      "src": "../../../../audio/widgets/a4218452c1a44f93a671abe36a3fb82e.mp3"
    },
    {
      "id": "Content-1",
      "clipBegin": "00:00:29.292",
      "clipEnd": "00:00:34.856",
      "src": "../../../../audio/widgets/a4218452c1a44f93a671abe36a3fb82e.mp3"
    },
    {
      "id": "Content-2",
      "clipBegin": "00:00:34.857",
      "clipEnd": "00:00:39.089",
      "src": "../../../../audio/widgets/a4218452c1a44f93a671abe36a3fb82e.mp3"
    },
    {
      "id": "Content-3",
      "clipBegin": "00:00:39.09",
      "clipEnd": "00:00:43.244",
      "src": "../../../../audio/widgets/a4218452c1a44f93a671abe36a3fb82e.mp3"
    },
    {
      "id": "Content-4",
      "clipBegin": "00:00:43.245",
      "clipEnd": "00:00:46.223",
      "src": "../../../../audio/widgets/a4218452c1a44f93a671abe36a3fb82e.mp3"
    },
    {
      "id": "Content-5",
      "clipBegin": "00:00:46.224",
      "clipEnd": "00:00:50.142",
      "src": "../../../../audio/widgets/a4218452c1a44f93a671abe36a3fb82e.mp3"
    }
  ]
}