{
  "type": "ExpLib_Accordion",
  "contentId": "",
  "playlists": [
    {
      "id": "start",
      "trackIds": [
        "ActivityTitle",
        "QuestionStem",
        "Stimulus",
        "Titles-0",
        "Titles-1",
        "Titles-2",
        "Titles-3",
        "Titles-4",
        "Titles-5",
        "Titles-6",
        "Titles-7",
        "Titles-8",
        "Titles-9",
        "Content-0",
        "Content-1",
        "Content-2",
        "Content-3",
        "Content-4",
        "Content-5",
        "Content-6",
        "Content-7",
        "Content-8",
        "Content-9"
      ]
    },
    {
      "id": "tip",
      "trackIds": [
        "Tip"
      ]
    },
    {
      "id": "title-0",
      "trackIds": [
        "Titles-0"
      ]
    },
    {
      "id": "title-1",
      "trackIds": [
        "Titles-1"
      ]
    },
    {
      "id": "title-2",
      "trackIds": [
        "Titles-2"
      ]
    },
    {
      "id": "title-3",
      "trackIds": [
        "Titles-3"
      ]
    },
    {
      "id": "title-4",
      "trackIds": [
        "Titles-4"
      ]
    },
    {
      "id": "title-5",
      "trackIds": [
        "Titles-5"
      ]
    },
    {
      "id": "title-6",
      "trackIds": [
        "Titles-6"
      ]
    },
    {
      "id": "title-7",
      "trackIds": [
        "Titles-7"
      ]
    },
    {
      "id": "title-8",
      "trackIds": [
        "Titles-8"
      ]
    },
    {
      "id": "title-9",
      "trackIds": [
        "Titles-9"
      ]
    },
    {
      "id": "content-0",
      "trackIds": [
        "Content-0"
      ]
    },
    {
      "id": "content-1",
      "trackIds": [
        "Content-1"
      ]
    },
    {
      "id": "content-2",
      "trackIds": [
        "Content-2"
      ]
    },
    {
      "id": "content-3",
      "trackIds": [
        "Content-3"
      ]
    },
    {
      "id": "content-4",
      "trackIds": [
        "Content-4"
      ]
    },
    {
      "id": "content-5",
      "trackIds": [
        "Content-5"
      ]
    },
    {
      "id": "content-6",
      "trackIds": [
        "Content-6"
      ]
    },
    {
      "id": "content-7",
      "trackIds": [
        "Content-7"
      ]
    },
    {
      "id": "content-8",
      "trackIds": [
        "Content-8"
      ]
    },
    {
      "id": "content-9",
      "trackIds": [
        "Content-9"
      ]
    }
  ],
  "tracks": [
    {
      "id": "ActivityTitle",
      "clipBegin": "",
      "clipEnd": "",
      "src": ""
    },
    {
      "id": "QuestionStem",
      "clipBegin": "00:00:00.000",
      "clipEnd": "00:00:00.001",
      "src": ""
    },
    {
      "id": "Tip",
      "clipBegin": "00:00:00.000",
      "clipEnd": "00:00:00.001",
      "src": ""
    },
    {
      "id": "Stimulus",
      "clipBegin": "00:00:00.000",
      "clipEnd": "00:00:00.001",
      "src": ""
    },
    {
      "id": "Titles-0",
      "clipBegin": "",
      "clipEnd": "",
      "src": ""
    },
    {
      "id": "Titles-1",
      "clipBegin": "",
      "clipEnd": "",
      "src": ""
    },
    {
      "id": "Titles-2",
      "clipBegin": "",
      "clipEnd": "",
      "src": ""
    },
    {
      "id": "Titles-3",
      "clipBegin": "",
      "clipEnd": "",
      "src": ""
    },
    {
      "id": "Titles-4",
      "clipBegin": "",
      "clipEnd": "",
      "src": ""
    },
    {
      "id": "Titles-5",
      "clipBegin": "",
      "clipEnd": "",
      "src": ""
    },
    {
      "id": "Titles-6",
      "clipBegin": "",
      "clipEnd": "",
      "src": ""
    },
    {
      "id": "Titles-7",
      "clipBegin": "",
      "clipEnd": "",
      "src": ""
    },
    {
      "id": "Titles-8",
      "clipBegin": "",
      "clipEnd": "",
      "src": ""
    },
    {
      "id": "Titles-9",
      "clipBegin": "",
      "clipEnd": "",
      "src": ""
    },
    {
      "id": "Content-0",
      "clipBegin": "",
      "clipEnd": "",
      "src": ""
    },
    {
      "id": "Content-1",
      "clipBegin": "",
      "clipEnd": "",
      "src": ""
    },
    {
      "id": "Content-2",
      "clipBegin": "",
      "clipEnd": "",
      "src": ""
    },
    {
      "id": "Content-3",
      "clipBegin": "",
      "clipEnd": "",
      "src": ""
    },
    {
      "id": "Content-4",
      "clipBegin": "",
      "clipEnd": "",
      "src": ""
    },
    {
      "id": "Content-5",
      "clipBegin": "",
      "clipEnd": "",
      "src": ""
    },
    {
      "id": "Content-6",
      "clipBegin": "",
      "clipEnd": "",
      "src": ""
    },
    {
      "id": "Content-7",
      "clipBegin": "",
      "clipEnd": "",
      "src": ""
    },
    {
      "id": "Content-8",
      "clipBegin": "",
      "clipEnd": "",
      "src": ""
    },
    {
      "id": "Content-9",
      "clipBegin": "",
      "clipEnd": "",
      "src": ""
    }
  ]
}
