{
  "mapping_data": [
    {
      "source_key_name": "title",
      "target_key_name": "ActivityTitle",
      "parent_name_1": "clipBegin",
      "parent_name_2": "clipEnd",
      "iterative": "no",
      "array_type": "tracks",
      "array_type_pl": "playlists",
      "reference_name": "id",
      "data_type": "text",
      "data_type_pl": "",
      "inside_trackid": ""
    },
    {
      "source_key_name": "introduction",
      "target_key_name": "QuestionStem",
      "parent_name_1": "clipBegin",
      "parent_name_2": "clipEnd",
      "iterative": "no",
      "array_type": "tracks",
      "array_type_pl": "playlists",
      "reference_name": "id",
      "data_type": "text",
      "data_type_pl": "",
      "inside_trackid": ""
    },
    {
      "source_key_name": "steptitle",
      "target_key_name": "Titles",
      "parent_name_1": "clipBegin",
      "parent_name_2": "clipEnd",
      "iterative": "yes",
      "array_type": "tracks",
      "array_type_pl": "playlists",
      "reference_name": "id",
      "data_type": "title",
      "data_type_pl": "title",
      "inside_trackid": "trackIds"
    },
    {
      "source_key_name": "image_description",
      "target_key_name": "Content",
      "parent_name_1": "clipBegin",
      "parent_name_2": "clipEnd",
      "iterative": "yes",
      "array_type": "tracks",
      "array_type_pl": "playlists",
      "reference_name": "id",
      "data_type": "content",
      "data_type_pl": "content",
      "inside_trackid": "trackIds"
    },
    {
      "source_key_name": "",
      "target_key_name": "",
      "parent_name_1": "src",
      "parent_name_2": "",
      "iterative": "yes",
      "array_type": "tracks",
      "array_type_pl": "",
      "reference_name": "",
      "data_type": "srcpath",
      "data_type_pl": "",
      "inside_trackid": ""
    }
  ]
}
