{
  "type": "ssna_process_steps",
  "contentId": "",
  "playlists": [
    {
      "id": "init_screen",
      "trackIds": [
        "title",
        "introduction"
      ]
    }, 
    {
      "id": "steps-0",
      "trackIds": [
        "steptitle-0",
        "step_description-0",
        "video_description-0",
        "imagecaption-0",
        "image_description-0",
        "bullet_description-0",
        "bullettext-0"
      ]
    },
    {
      "id": "steps-1",
      "trackIds": [
        "steptitle-1",
        "step_description-1",
        "video_description-1",
        "imagecaption-1",
        "image_description-1",
        "bullet_description-1",
        "bullettext-1"
      ]
    },
    {
      "id": "steps-2",
      "trackIds": [
        "steptitle-2",
        "step_description-2",
        "video_description-2",
        "imagecaption-2",
        "image_description-2",
        "bullet_description-2",
        "bullettext-2"
      ]
    },
    {
      "id": "steps-3",
      "trackIds": [
        "steptitle-3",
        "step_description-3",
        "video_description-3",
        "imagecaption-3",
        "image_description-3",
        "bullet_description-3",
        "bullettext-3"
      ]
    },
    {
      "id": "steps-4",
      "trackIds": [
        "steptitle-4",
        "step_description-4",
        "video_description-4",
        "imagecaption-4",
        "image_description-4",
        "bullet_description-4",
        "bullettext-4"
      ]
    },
    {
      "id": "steps-5",
      "trackIds": [
        "steptitle-5",
        "step_description-5",
        "video_description-5",
        "imagecaption-5",
        "image_description-5",
        "bullet_description-5",
        "bullettext-5"
      ]
    }
  ],
  "tracks": [
    {
      "id": "title",
      "clipBegin": "00:00:00",
      "clipEnd": "00:00:02.351",
      "src": "../../audio/widgets/a4218452c1a44f93a671abe36a3fb82e.mp3"
    },
    {
      "id": "introduction",
      "clipBegin": "00:00:02.352",
      "clipEnd": "00:00:10.058",
      "src": "../../audio/widgets/a4218452c1a44f93a671abe36a3fb82e.mp3"
    },
    {
      "id": "steptitle-0",
      "clipBegin": "00:00:10.059",
      "clipEnd": "00:00:12.724",
      "src": "../../audio/widgets/a4218452c1a44f93a671abe36a3fb82e.mp3"
    },
    {
      "id": "steptitle-1",
      "clipBegin": "00:00:12.725",
      "clipEnd": "00:00:15.467",
      "src": "../../audio/widgets/a4218452c1a44f93a671abe36a3fb82e.mp3"
    },
    {
      "id": "steptitle-2",
      "clipBegin": "00:00:15.468",
      "clipEnd": "00:00:18.812",
      "src": "../../audio/widgets/a4218452c1a44f93a671abe36a3fb82e.mp3"
    },
    {
      "id": "steptitle-3",
      "clipBegin": "00:00:18.813",
      "clipEnd": "00:00:22.575",
      "src": "../../audio/widgets/a4218452c1a44f93a671abe36a3fb82e.mp3"
    },
    {
      "id": "steptitle-4",
      "clipBegin": "00:00:22.576",
      "clipEnd": "00:00:25.737",
      "src": "../../audio/widgets/a4218452c1a44f93a671abe36a3fb82e.mp3"
    },
    {
      "id": "steptitle-5",
      "clipBegin": "00:00:25.738",
      "clipEnd": "00:00:29.212",
      "src": "../../audio/widgets/a4218452c1a44f93a671abe36a3fb82e.mp3"
    },
    {
      "id": "step_description-0",
      "clipBegin": "00:00:29.213",
      "clipEnd": "00:00:29.291",
      "src": "../../audio/widgets/a4218452c1a44f93a671abe36a3fb82e.mp3"
    },
    {
      "id": "step_description-1",
      "clipBegin": "00:00:29.292",
      "clipEnd": "00:00:34.856",
      "src": "../../audio/widgets/a4218452c1a44f93a671abe36a3fb82e.mp3"
    },
    {
      "id": "step_description-2",
      "clipBegin": "00:00:34.857",
      "clipEnd": "00:00:39.089",
      "src": "../../audio/widgets/a4218452c1a44f93a671abe36a3fb82e.mp3"
    },
    {
      "id": "step_description-3",
      "clipBegin": "00:00:39.09",
      "clipEnd": "00:00:43.244",
      "src": "../../audio/widgets/a4218452c1a44f93a671abe36a3fb82e.mp3"
    },
    {
      "id": "step_description-4",
      "clipBegin": "00:00:43.245",
      "clipEnd": "00:00:46.223",
      "src": "../../audio/widgets/a4218452c1a44f93a671abe36a3fb82e.mp3"
    },
    {
      "id": "step_description-5",
      "clipBegin": "00:00:46.224",
      "clipEnd": "00:00:50.142",
      "src": "../../audio/widgets/a4218452c1a44f93a671abe36a3fb82e.mp3"
    },
    {
      "id": "imagecaption-0",
      "clipBegin": "00:00:50.143",
      "clipEnd": "00:00:54.14",
      "src": "../../audio/widgets/a4218452c1a44f93a671abe36a3fb82e.mp3"
    },
    {
      "id": "imagecaption-1",
      "clipBegin": "00:00:54.141",
      "clipEnd": "00:00:54.219",
      "src": "../../audio/widgets/a4218452c1a44f93a671abe36a3fb82e.mp3"
    },
    {
      "id": "imagecaption-2",
      "clipBegin": "00:00:54.22",
      "clipEnd": "00:00:54.298",
      "src": "../../audio/widgets/a4218452c1a44f93a671abe36a3fb82e.mp3"
    },
    {
      "id": "imagecaption-3",
      "clipBegin": "00:00:54.299",
      "clipEnd": "00:00:54.378",
      "src": "../../audio/widgets/a4218452c1a44f93a671abe36a3fb82e.mp3"
    },
    {
      "id": "imagecaption-4",
      "clipBegin": "00:00:54.379",
      "clipEnd": "00:00:54.457",
      "src": "../../audio/widgets/a4218452c1a44f93a671abe36a3fb82e.mp3"
    },
    {
      "id": "imagecaption-5",
      "clipBegin": "00:00:54.458",
      "clipEnd": "00:00:54.537",
      "src": "../../audio/widgets/a4218452c1a44f93a671abe36a3fb82e.mp3"
    },
    {
      "id": "image_description-0",
      "clipBegin": "00:00:54.538",
      "clipEnd": "00:01:00.284",
      "src": "../../audio/widgets/a4218452c1a44f93a671abe36a3fb82e.mp3"
    },
    {
      "id": "image_description-1",
      "clipBegin": "00:01:00.285",
      "clipEnd": "00:01:00.364",
      "src": "../../audio/widgets/a4218452c1a44f93a671abe36a3fb82e.mp3"
    },
    {
      "id": "image_description-2",
      "clipBegin": "00:01:00.365",
      "clipEnd": "00:01:00.443",
      "src": "../../audio/widgets/a4218452c1a44f93a671abe36a3fb82e.mp3"
    },
    {
      "id": "image_description-3",
      "clipBegin": "00:01:00.444",
      "clipEnd": "00:01:00.523",
      "src": "../../audio/widgets/a4218452c1a44f93a671abe36a3fb82e.mp3"
    },
    {
      "id": "image_description-4",
      "clipBegin": "00:01:00.524",
      "clipEnd": "00:01:00.602",
      "src": "../../audio/widgets/a4218452c1a44f93a671abe36a3fb82e.mp3"
    },
    {
      "id": "image_description-5",
      "clipBegin": "00:01:00.603",
      "clipEnd": "00:01:00.681",
      "src": "../../audio/widgets/a4218452c1a44f93a671abe36a3fb82e.mp3"
    },
    {
      "id": "video_description-0",
      "clipBegin": "00:01:00.682",
      "clipEnd": "00:01:00.761",
      "src": "../../audio/widgets/a4218452c1a44f93a671abe36a3fb82e.mp3"
    },
    {
      "id": "video_description-1",
      "clipBegin": "00:01:00.762",
      "clipEnd": "00:01:00.84",
      "src": "../../audio/widgets/a4218452c1a44f93a671abe36a3fb82e.mp3"
    },
    {
      "id": "video_description-2",
      "clipBegin": "00:01:00.841",
      "clipEnd": "00:01:00.919",
      "src": "../../audio/widgets/a4218452c1a44f93a671abe36a3fb82e.mp3"
    },
    {
      "id": "video_description-3",
      "clipBegin": "00:01:00.92",
      "clipEnd": "00:01:00.999",
      "src": "../../audio/widgets/a4218452c1a44f93a671abe36a3fb82e.mp3"
    },
    {
      "id": "video_description-4",
      "clipBegin": "00:01:01",
      "clipEnd": "00:01:01.078",
      "src": "../../audio/widgets/a4218452c1a44f93a671abe36a3fb82e.mp3"
    },
    {
      "id": "video_description-5",
      "clipBegin": "00:01:01.079",
      "clipEnd": "00:01:01.158",
      "src": "../../audio/widgets/a4218452c1a44f93a671abe36a3fb82e.mp3"
    },
    {
      "id": "bullet_description-0",
      "clipBegin": "00:01:01.159",
      "clipEnd": "00:01:01.237",
      "src": "../../audio/widgets/a4218452c1a44f93a671abe36a3fb82e.mp3"
    },
    {
      "id": "bullet_description-1",
      "clipBegin": "00:01:01.238",
      "clipEnd": "00:01:01.316",
      "src": "../../audio/widgets/a4218452c1a44f93a671abe36a3fb82e.mp3"
    },
    {
      "id": "bullet_description-2",
      "clipBegin": "00:01:01.317",
      "clipEnd": "00:01:01.396",
      "src": "../../audio/widgets/a4218452c1a44f93a671abe36a3fb82e.mp3"
    },
    {
      "id": "bullet_description-3",
      "clipBegin": "00:01:01.397",
      "clipEnd": "00:01:01.475",
      "src": "../../audio/widgets/a4218452c1a44f93a671abe36a3fb82e.mp3"
    },
    {
      "id": "bullet_description-4",
      "clipBegin": "00:01:01.476",
      "clipEnd": "00:01:01.554",
      "src": "../../audio/widgets/a4218452c1a44f93a671abe36a3fb82e.mp3"
    },
    {
      "id": "bullet_description-5",
      "clipBegin": "00:01:01.555",
      "clipEnd": "00:01:01.634",
      "src": "../../audio/widgets/a4218452c1a44f93a671abe36a3fb82e.mp3"
    },
    {
      "id": "bullettext-0",
      "clipBegin": "00:01:01.635",
      "clipEnd": "00:01:01.713",
      "src": "../../audio/widgets/a4218452c1a44f93a671abe36a3fb82e.mp3"
    },
    {
      "id": "bullettext-1",
      "clipBegin": "00:01:01.714",
      "clipEnd": "00:01:01.792",
      "src": "../../audio/widgets/a4218452c1a44f93a671abe36a3fb82e.mp3"
    },
    {
      "id": "bullettext-2",
      "clipBegin": "00:01:01.793",
      "clipEnd": "00:01:01.872",
      "src": "../../audio/widgets/a4218452c1a44f93a671abe36a3fb82e.mp3"
    },
    {
      "id": "bullettext-3",
      "clipBegin": "00:01:01.873",
      "clipEnd": "00:01:01.951",
      "src": "../../audio/widgets/a4218452c1a44f93a671abe36a3fb82e.mp3"
    },
    {
      "id": "bullettext-4",
      "clipBegin": "00:01:01.952",
      "clipEnd": "00:01:02.031",
      "src": "../../audio/widgets/a4218452c1a44f93a671abe36a3fb82e.mp3"
    },
    {
      "id": "bullettext-5",
      "clipBegin": "00:01:02.032",
      "clipEnd": "00:01:02.11",
      "src": "../../audio/widgets/a4218452c1a44f93a671abe36a3fb82e.mp3"
    }
  ]
}