{"ActivityTitle":"<p class='quill-source-editor'>African Slave Trade</p>","QuestionStem":"<p class='quill-source-editor'>The African slave trade and all its horrors thrived due to the involvement of both European traders and African merchants.</p>","VOIntro":"","Tip":"","Summary":"","videos":[{"video":{"account":"3728355135001","policy_key":"BCpkADawqM1vUM5aCVk6D4hAx-I1FrywWXA8fPdEi248mIKKVm21lqEFjhILJsvs0Qz-g4oYMYk1Dyvnw8Yap4TDqSlyZ8R5ygx_4oNI4PbHK-fVGEvmGZDIsCATMu1KnopqD3-uju0wR9Yp","player":"u1FfpzsDu","videoid":"2124712","stimulus":"../../../../../img/cards/ms_snlese673670_2229v.jpg","startTime":"0.1","endTime":"0.10","posterAltImage":"","posterImageCredits":""}}],"FinalCannedResponse":"","FinalFeedback":"","AudioFromRCE":true,"qtype":"video","AllowFullScreen":false,"AllowAudio":true,"AllowRefresh":true,"ShowAnswerOption":false,"SubmitToTeacherOption":false,"MaxAttempts":"1","isPracticeInteraction":false,"audioFile":"../../audio/manifests/config.json","audioSchema":"video_audio_schema.json"}