{
  "start": "",
  "start_time": "0.1",
  "duration": "0.10",
  "reference_id": "4851147920001",
  "clip_reference_id": "",
  "clip_type": "clip",
  "video_title": "<p>African Slave Trade</p>",
  "video_heading": "",
  "video_caption": "<p>The African slave trade and all its horrors thrived due to the involvement of both European traders and African merchants.</p>",
  "poster_image": "../../../img/cards/ms_snlese673670_2229v.jpg",
  "audio_description": "",
  "total_duration": 189,
  "runtext": "",
  "vidheader": "",
  "islearnmoreabout": false,
  "iscloseread": false,
  "player_version": "Channel One"
}
