﻿{
  "htmlvideoplayer": [
    {
      "video_id": "5440494325001",
      "reference_id": "2320054",
      "player_version": "Channel One",
      "account_ID": "3728355135001",
      "Player_name": "u1FfpzsDu",
      "Policy_key": "BCpkADawqM1vUM5aCVk6D4hAx-I1FrywWXA8fPdEi248mIKKVm21lqEFjhILJsvs0Qz-g4oYMYk1Dyvnw8Yap4TDqSlyZ8R5ygx_4oNI4PbHK-fVGEvmGZDIsCATMu1KnopqD3-uju0wR9Yp"
    },
    {
      "video_id": "4856397127001",
      "reference_id": "2125831",
      "player_version": "Channel One",
      "account_ID": "3728355135001",
      "Player_name": "u1FfpzsDu",
      "Policy_key": "BCpkADawqM1vUM5aCVk6D4hAx-I1FrywWXA8fPdEi248mIKKVm21lqEFjhILJsvs0Qz-g4oYMYk1Dyvnw8Yap4TDqSlyZ8R5ygx_4oNI4PbHK-fVGEvmGZDIsCATMu1KnopqD3-uju0wR9Yp"
    },
    {
      "video_id": "5287970482001",
      "reference_id": "2264482",
      "player_version": "Channel One",
      "account_ID": "3728355135001",
      "Player_name": "u1FfpzsDu",
      "Policy_key": "BCpkADawqM1vUM5aCVk6D4hAx-I1FrywWXA8fPdEi248mIKKVm21lqEFjhILJsvs0Qz-g4oYMYk1Dyvnw8Yap4TDqSlyZ8R5ygx_4oNI4PbHK-fVGEvmGZDIsCATMu1KnopqD3-uju0wR9Yp"
    },
    {
      "video_id": "4644992568001",
      "reference_id": "2065413",
      "player_version": "Channel One",
      "account_ID": "3728355135001",
      "Player_name": "u1FfpzsDu",
      "Policy_key": "BCpkADawqM1vUM5aCVk6D4hAx-I1FrywWXA8fPdEi248mIKKVm21lqEFjhILJsvs0Qz-g4oYMYk1Dyvnw8Yap4TDqSlyZ8R5ygx_4oNI4PbHK-fVGEvmGZDIsCATMu1KnopqD3-uju0wR9Yp"
    },
    {
      "video_id": "4851147920001",
      "reference_id": "2124712",
      "player_version": "Channel One",
      "account_ID": "3728355135001",
      "Player_name": "u1FfpzsDu",
      "Policy_key": "BCpkADawqM1vUM5aCVk6D4hAx-I1FrywWXA8fPdEi248mIKKVm21lqEFjhILJsvs0Qz-g4oYMYk1Dyvnw8Yap4TDqSlyZ8R5ygx_4oNI4PbHK-fVGEvmGZDIsCATMu1KnopqD3-uju0wR9Yp"
    },
    {
      "video_id": "4844578290001",
      "reference_id": "2122587",
      "player_version": "Channel One",
      "account_ID": "3728355135001",
      "Player_name": "u1FfpzsDu",
      "Policy_key": "BCpkADawqM1vUM5aCVk6D4hAx-I1FrywWXA8fPdEi248mIKKVm21lqEFjhILJsvs0Qz-g4oYMYk1Dyvnw8Yap4TDqSlyZ8R5ygx_4oNI4PbHK-fVGEvmGZDIsCATMu1KnopqD3-uju0wR9Yp"
    },
    {
      "video_id": "4839877921001",
      "reference_id": "2121074",
      "player_version": "Channel One",
      "account_ID": "3728355135001",
      "Player_name": "u1FfpzsDu",
      "Policy_key": "BCpkADawqM1vUM5aCVk6D4hAx-I1FrywWXA8fPdEi248mIKKVm21lqEFjhILJsvs0Qz-g4oYMYk1Dyvnw8Yap4TDqSlyZ8R5ygx_4oNI4PbHK-fVGEvmGZDIsCATMu1KnopqD3-uju0wR9Yp"
    },
    {
      "video_id": "4851147920001",
      "reference_id": "2124712",
      "player_version": "Channel One",
      "account_ID": "3728355135001",
      "Player_name": "u1FfpzsDu",
      "Policy_key": "BCpkADawqM1vUM5aCVk6D4hAx-I1FrywWXA8fPdEi248mIKKVm21lqEFjhILJsvs0Qz-g4oYMYk1Dyvnw8Yap4TDqSlyZ8R5ygx_4oNI4PbHK-fVGEvmGZDIsCATMu1KnopqD3-uju0wR9Yp"
    },
    {
      "video_id": "ref:V_HC_0885",
      "reference_id": "V_HC_0885",
      "player_version": "History Channel",
      "account_ID": "710857105001",
      "Player_name": "n51nb34wf",
      "Policy_key": "BCpkADawqM3Xrvz0B1hHdSlqVcxQZzAhcjkmwoZJHru7wp-yztonRqqYz9Vwm6fMjsBpWoefF7K0MlJv0fVkvN8pLUve4IEWG0IEry-4KUTO-Dw7_GKhEiPr9I8"
    },
    {
      "video_id": "ref:SS_17_Henry_Fords_Motor_Company",
      "reference_id": "SS_17_Henry_Fords_Motor_Company",
      "player_version": "History Channel",
      "account_ID": "710857105001",
      "Player_name": "n51nb34wf",
      "Policy_key": "BCpkADawqM3Xrvz0B1hHdSlqVcxQZzAhcjkmwoZJHru7wp-yztonRqqYz9Vwm6fMjsBpWoefF7K0MlJv0fVkvN8pLUve4IEWG0IEry-4KUTO-Dw7_GKhEiPr9I8"
    },
    {
      "video_id": "5125617817001",
      "reference_id": "2199073",
      "player_version": "Channel One",
      "account_ID": "3728355135001",
      "Player_name": "u1FfpzsDu",
      "Policy_key": "BCpkADawqM1vUM5aCVk6D4hAx-I1FrywWXA8fPdEi248mIKKVm21lqEFjhILJsvs0Qz-g4oYMYk1Dyvnw8Yap4TDqSlyZ8R5ygx_4oNI4PbHK-fVGEvmGZDIsCATMu1KnopqD3-uju0wR9Yp"
    },
    {
      "video_id": "4666388282001",
      "reference_id": "2071551",
      "player_version": "Channel One",
      "account_ID": "3728355135001",
      "Player_name": "u1FfpzsDu",
      "Policy_key": "BCpkADawqM1vUM5aCVk6D4hAx-I1FrywWXA8fPdEi248mIKKVm21lqEFjhILJsvs0Qz-g4oYMYk1Dyvnw8Yap4TDqSlyZ8R5ygx_4oNI4PbHK-fVGEvmGZDIsCATMu1KnopqD3-uju0wR9Yp"
    },
    {
      "video_id": "ref:SS_17_Birth_of_Democracy_SF",
      "reference_id": "SS_17_Birth_of_Democracy_SF",
      "player_version": "History Channel",
      "account_ID": "710857105001",
      "Player_name": "n51nb34wf",
      "Policy_key": "BCpkADawqM3Xrvz0B1hHdSlqVcxQZzAhcjkmwoZJHru7wp-yztonRqqYz9Vwm6fMjsBpWoefF7K0MlJv0fVkvN8pLUve4IEWG0IEry-4KUTO-Dw7_GKhEiPr9I8"
    },
    {
      "video_id": "4811012066001",
      "reference_id": "2112847",
      "player_version": "Channel One",
      "account_ID": "3728355135001",
      "Player_name": "u1FfpzsDu",
      "Policy_key": "BCpkADawqM1vUM5aCVk6D4hAx-I1FrywWXA8fPdEi248mIKKVm21lqEFjhILJsvs0Qz-g4oYMYk1Dyvnw8Yap4TDqSlyZ8R5ygx_4oNI4PbHK-fVGEvmGZDIsCATMu1KnopqD3-uju0wR9Yp"
    },
    {
      "video_id": "ref:V_HC_0272",
      "reference_id": "V_HC_0272",
      "player_version": "History Channel",
      "account_ID": "710857105001",
      "Player_name": "n51nb34wf",
      "Policy_key": "BCpkADawqM3Xrvz0B1hHdSlqVcxQZzAhcjkmwoZJHru7wp-yztonRqqYz9Vwm6fMjsBpWoefF7K0MlJv0fVkvN8pLUve4IEWG0IEry-4KUTO-Dw7_GKhEiPr9I8"
    },
    {
      "video_id": "4666388282001",
      "reference_id": "2071551",
      "player_version": "Channel One",
      "account_ID": "3728355135001",
      "Player_name": "u1FfpzsDu",
      "Policy_key": "BCpkADawqM1vUM5aCVk6D4hAx-I1FrywWXA8fPdEi248mIKKVm21lqEFjhILJsvs0Qz-g4oYMYk1Dyvnw8Yap4TDqSlyZ8R5ygx_4oNI4PbHK-fVGEvmGZDIsCATMu1KnopqD3-uju0wR9Yp"
    },
    {
      "video_id": "ref:V_HC_0017",
      "reference_id": "V_HC_0017",
      "player_version": "History Channel",
      "account_ID": "710857105001",
      "Player_name": "n51nb34wf",
      "Policy_key": "BCpkADawqM3Xrvz0B1hHdSlqVcxQZzAhcjkmwoZJHru7wp-yztonRqqYz9Vwm6fMjsBpWoefF7K0MlJv0fVkvN8pLUve4IEWG0IEry-4KUTO-Dw7_GKhEiPr9I8"
    },
    {
      "video_id": "4751019338001",
      "reference_id": "2095773",
      "player_version": "Channel One",
      "account_ID": "3728355135001",
      "Player_name": "u1FfpzsDu",
      "Policy_key": "BCpkADawqM1vUM5aCVk6D4hAx-I1FrywWXA8fPdEi248mIKKVm21lqEFjhILJsvs0Qz-g4oYMYk1Dyvnw8Yap4TDqSlyZ8R5ygx_4oNI4PbHK-fVGEvmGZDIsCATMu1KnopqD3-uju0wR9Yp"
    },
    {
      "video_id": "5598112415001",
      "reference_id": "2395736",
      "player_version": "Channel One",
      "account_ID": "3728355135001",
      "Player_name": "u1FfpzsDu",
      "Policy_key": "BCpkADawqM1vUM5aCVk6D4hAx-I1FrywWXA8fPdEi248mIKKVm21lqEFjhILJsvs0Qz-g4oYMYk1Dyvnw8Yap4TDqSlyZ8R5ygx_4oNI4PbHK-fVGEvmGZDIsCATMu1KnopqD3-uju0wR9Yp"
    },
    {
      "video_id": "3977684410001",
      "reference_id": "EzMzQ5cDpuDYplRWgq-lqqyWd7r15aOc",
      "player_version": "Channel One",
      "account_ID": "3728355135001",
      "Player_name": "u1FfpzsDu",
      "Policy_key": "BCpkADawqM1vUM5aCVk6D4hAx-I1FrywWXA8fPdEi248mIKKVm21lqEFjhILJsvs0Qz-g4oYMYk1Dyvnw8Yap4TDqSlyZ8R5ygx_4oNI4PbHK-fVGEvmGZDIsCATMu1KnopqD3-uju0wR9Yp"
    },
    {
      "video_id": "ref:ss_ms_ush_m07_l03",
      "reference_id": "ss_ms_ush_m07_l03",
      "player_version": "History Channel",
      "account_ID": "nil",
      "Player_name": "nil",
      "Policy_key": "nil"
    },
    {
      "video_id": "4261539795001",
      "reference_id": "BqYXcydTpz_nLh2mRueM-XGJkX_xk3ke",
      "player_version": "Channel One",
      "account_ID": "3728355135001",
      "Player_name": "u1FfpzsDu",
      "Policy_key": "BCpkADawqM1vUM5aCVk6D4hAx-I1FrywWXA8fPdEi248mIKKVm21lqEFjhILJsvs0Qz-g4oYMYk1Dyvnw8Yap4TDqSlyZ8R5ygx_4oNI4PbHK-fVGEvmGZDIsCATMu1KnopqD3-uju0wR9Yp"
    },
    {
      "video_id": "ref:V_HC_0785",
      "reference_id": "V_HC_0785",
      "player_version": "History Channel",
      "account_ID": "710857105001",
      "Player_name": "n51nb34wf",
      "Policy_key": "BCpkADawqM3Xrvz0B1hHdSlqVcxQZzAhcjkmwoZJHru7wp-yztonRqqYz9Vwm6fMjsBpWoefF7K0MlJv0fVkvN8pLUve4IEWG0IEry-4KUTO-Dw7_GKhEiPr9I8"
    },
    {
      "video_id": "ref:SS_17_103798_MidwestVsTheRest",
      "reference_id": "SS_17_103798_MidwestVsTheRest",
      "player_version": "History Channel",
      "account_ID": "710857105001",
      "Player_name": "n51nb34wf",
      "Policy_key": "BCpkADawqM3Xrvz0B1hHdSlqVcxQZzAhcjkmwoZJHru7wp-yztonRqqYz9Vwm6fMjsBpWoefF7K0MlJv0fVkvN8pLUve4IEWG0IEry-4KUTO-Dw7_GKhEiPr9I8"
    },
    {
      "video_id": "4842880718001",
      "reference_id": "2122018",
      "player_version": "Channel One",
      "account_ID": "3728355135001",
      "Player_name": "u1FfpzsDu",
      "Policy_key": "BCpkADawqM1vUM5aCVk6D4hAx-I1FrywWXA8fPdEi248mIKKVm21lqEFjhILJsvs0Qz-g4oYMYk1Dyvnw8Yap4TDqSlyZ8R5ygx_4oNI4PbHK-fVGEvmGZDIsCATMu1KnopqD3-uju0wR9Yp"
    },
    {
      "video_id": "5599264224001",
      "reference_id": "2397681",
      "player_version": "Channel One",
      "account_ID": "3728355135001",
      "Player_name": "u1FfpzsDu",
      "Policy_key": "BCpkADawqM1vUM5aCVk6D4hAx-I1FrywWXA8fPdEi248mIKKVm21lqEFjhILJsvs0Qz-g4oYMYk1Dyvnw8Yap4TDqSlyZ8R5ygx_4oNI4PbHK-fVGEvmGZDIsCATMu1KnopqD3-uju0wR9Yp"
    },
    {
      "video_id": "4620616498001",
      "reference_id": "2059488",
      "player_version": "Channel One",
      "account_ID": "3728355135001",
      "Player_name": "u1FfpzsDu",
      "Policy_key": "BCpkADawqM1vUM5aCVk6D4hAx-I1FrywWXA8fPdEi248mIKKVm21lqEFjhILJsvs0Qz-g4oYMYk1Dyvnw8Yap4TDqSlyZ8R5ygx_4oNI4PbHK-fVGEvmGZDIsCATMu1KnopqD3-uju0wR9Yp"
    },
    {
      "video_id": "ref:V_HC_1394",
      "reference_id": "V_HC_1394",
      "player_version": "History Channel",
      "account_ID": "710857105001",
      "Player_name": "n51nb34wf",
      "Policy_key": "BCpkADawqM3Xrvz0B1hHdSlqVcxQZzAhcjkmwoZJHru7wp-yztonRqqYz9Vwm6fMjsBpWoefF7K0MlJv0fVkvN8pLUve4IEWG0IEry-4KUTO-Dw7_GKhEiPr9I8"
    },
    {
      "video_id": "ref:V_HC_0381",
      "reference_id": "V_HC_0381",
      "player_version": "History Channel",
      "account_ID": "710857105001",
      "Player_name": "n51nb34wf",
      "Policy_key": "BCpkADawqM3Xrvz0B1hHdSlqVcxQZzAhcjkmwoZJHru7wp-yztonRqqYz9Vwm6fMjsBpWoefF7K0MlJv0fVkvN8pLUve4IEWG0IEry-4KUTO-Dw7_GKhEiPr9I8"
    },
    {
      "video_id": "ref:SS_17_Ask_History_Aztecs",
      "reference_id": "SS_17_Ask_History_Aztecs",
      "player_version": "History Channel",
      "account_ID": "710857105001",
      "Player_name": "n51nb34wf",
      "Policy_key": "BCpkADawqM3Xrvz0B1hHdSlqVcxQZzAhcjkmwoZJHru7wp-yztonRqqYz9Vwm6fMjsBpWoefF7K0MlJv0fVkvN8pLUve4IEWG0IEry-4KUTO-Dw7_GKhEiPr9I8"
    },
    {
      "video_id": "ref:722240905001",
      "reference_id": "7.22241E+11",
      "player_version": "History Channel",
      "account_ID": "710857104001",
      "Player_name": "rk1zXMuWG",
      "Policy_key": "BCpkADawqM32Fnq0TrypDPSyWN1D7PAVmt6MtHVqELlwSoaFYq3g12Gzt6Pf6RKs2jHbOBfTFm29HTXnk8ekCki0_2oGqpCzz2PRxgMtDyTMk5tdfULORVVIdZA"
    },
    {
      "video_id": "ref:V_HC_2248",
      "reference_id": "V_HC_2248",
      "player_version": "History Channel",
      "account_ID": "710857105001",
      "Player_name": "n51nb34wf",
      "Policy_key": "BCpkADawqM3Xrvz0B1hHdSlqVcxQZzAhcjkmwoZJHru7wp-yztonRqqYz9Vwm6fMjsBpWoefF7K0MlJv0fVkvN8pLUve4IEWG0IEry-4KUTO-Dw7_GKhEiPr9I8"
    },
    {
      "video_id": "ref:SS_17_Mankind_Corn_SF",
      "reference_id": "SS_17_Mankind_Corn_SF",
      "player_version": "History Channel",
      "account_ID": "710857105001",
      "Player_name": "n51nb34wf",
      "Policy_key": "BCpkADawqM3Xrvz0B1hHdSlqVcxQZzAhcjkmwoZJHru7wp-yztonRqqYz9Vwm6fMjsBpWoefF7K0MlJv0fVkvN8pLUve4IEWG0IEry-4KUTO-Dw7_GKhEiPr9I8"
    },
    {
      "video_id": "ref:V_HC_2149",
      "reference_id": "V_HC_2149",
      "player_version": "History Channel",
      "account_ID": "710857105001",
      "Player_name": "n51nb34wf",
      "Policy_key": "BCpkADawqM3Xrvz0B1hHdSlqVcxQZzAhcjkmwoZJHru7wp-yztonRqqYz9Vwm6fMjsBpWoefF7K0MlJv0fVkvN8pLUve4IEWG0IEry-4KUTO-Dw7_GKhEiPr9I8"
    },
    {
      "video_id": "ref:855810927001",
      "reference_id": "8.55811E+11",
      "player_version": "History Channel",
      "account_ID": "710857104001",
      "Player_name": "rk1zXMuWG",
      "Policy_key": "BCpkADawqM32Fnq0TrypDPSyWN1D7PAVmt6MtHVqELlwSoaFYq3g12Gzt6Pf6RKs2jHbOBfTFm29HTXnk8ekCki0_2oGqpCzz2PRxgMtDyTMk5tdfULORVVIdZA"
    },
    {
      "video_id": "5193046410001",
      "reference_id": "2228917",
      "player_version": "Channel One",
      "account_ID": "3728355135001",
      "Player_name": "u1FfpzsDu",
      "Policy_key": "BCpkADawqM1vUM5aCVk6D4hAx-I1FrywWXA8fPdEi248mIKKVm21lqEFjhILJsvs0Qz-g4oYMYk1Dyvnw8Yap4TDqSlyZ8R5ygx_4oNI4PbHK-fVGEvmGZDIsCATMu1KnopqD3-uju0wR9Yp"
    },
    {
      "video_id": "5142133546001",
      "reference_id": "2206306",
      "player_version": "Channel One",
      "account_ID": "3728355135001",
      "Player_name": "u1FfpzsDu",
      "Policy_key": "BCpkADawqM1vUM5aCVk6D4hAx-I1FrywWXA8fPdEi248mIKKVm21lqEFjhILJsvs0Qz-g4oYMYk1Dyvnw8Yap4TDqSlyZ8R5ygx_4oNI4PbHK-fVGEvmGZDIsCATMu1KnopqD3-uju0wR9Yp"
    },
    {
      "video_id": "5215015660001",
      "reference_id": "2238649",
      "player_version": "Channel One",
      "account_ID": "3728355135001",
      "Player_name": "u1FfpzsDu",
      "Policy_key": "BCpkADawqM1vUM5aCVk6D4hAx-I1FrywWXA8fPdEi248mIKKVm21lqEFjhILJsvs0Qz-g4oYMYk1Dyvnw8Yap4TDqSlyZ8R5ygx_4oNI4PbHK-fVGEvmGZDIsCATMu1KnopqD3-uju0wR9Yp"
    },
    {
      "video_id": "3977700093001",
      "reference_id": "pmeW9jcDqfhvEF1q9C3eoOCbmR88WR2j",
      "player_version": "Channel One",
      "account_ID": "3728355135001",
      "Player_name": "u1FfpzsDu",
      "Policy_key": "BCpkADawqM1vUM5aCVk6D4hAx-I1FrywWXA8fPdEi248mIKKVm21lqEFjhILJsvs0Qz-g4oYMYk1Dyvnw8Yap4TDqSlyZ8R5ygx_4oNI4PbHK-fVGEvmGZDIsCATMu1KnopqD3-uju0wR9Yp"
    },
    {
      "video_id": "ref:854736554001",
      "reference_id": "8.54737E+11",
      "player_version": "History Channel",
      "account_ID": "710857104001",
      "Player_name": "rk1zXMuWG",
      "Policy_key": "BCpkADawqM32Fnq0TrypDPSyWN1D7PAVmt6MtHVqELlwSoaFYq3g12Gzt6Pf6RKs2jHbOBfTFm29HTXnk8ekCki0_2oGqpCzz2PRxgMtDyTMk5tdfULORVVIdZA"
    },
    {
      "video_id": "4090052103001",
      "reference_id": "FobTlxcjqqbbu72O1FSlCR42jHe7Zqme",
      "player_version": "Channel One",
      "account_ID": "3728355135001",
      "Player_name": "u1FfpzsDu",
      "Policy_key": "BCpkADawqM1vUM5aCVk6D4hAx-I1FrywWXA8fPdEi248mIKKVm21lqEFjhILJsvs0Qz-g4oYMYk1Dyvnw8Yap4TDqSlyZ8R5ygx_4oNI4PbHK-fVGEvmGZDIsCATMu1KnopqD3-uju0wR9Yp"
    },
    {
      "video_id": "ref:854736554001",
      "reference_id": "8.54737E+11",
      "player_version": "History Channel",
      "account_ID": "710857104001",
      "Player_name": "rk1zXMuWG",
      "Policy_key": "BCpkADawqM32Fnq0TrypDPSyWN1D7PAVmt6MtHVqELlwSoaFYq3g12Gzt6Pf6RKs2jHbOBfTFm29HTXnk8ekCki0_2oGqpCzz2PRxgMtDyTMk5tdfULORVVIdZA"
    },
    {
      "video_id": "4289800222001",
      "reference_id": "lmb2dpaDrfRPfUhPMqsXQBDRhyTXjrQX",
      "player_version": "Channel One",
      "account_ID": "3728355135001",
      "Player_name": "u1FfpzsDu",
      "Policy_key": "BCpkADawqM1vUM5aCVk6D4hAx-I1FrywWXA8fPdEi248mIKKVm21lqEFjhILJsvs0Qz-g4oYMYk1Dyvnw8Yap4TDqSlyZ8R5ygx_4oNI4PbHK-fVGEvmGZDIsCATMu1KnopqD3-uju0wR9Yp"
    },
    {
      "video_id": "4289780128001",
      "reference_id": "dlNG1jbTpoSv_n5fVHOVPnkntuggUCYy",
      "player_version": "Channel One",
      "account_ID": "3728355135001",
      "Player_name": "u1FfpzsDu",
      "Policy_key": "BCpkADawqM1vUM5aCVk6D4hAx-I1FrywWXA8fPdEi248mIKKVm21lqEFjhILJsvs0Qz-g4oYMYk1Dyvnw8Yap4TDqSlyZ8R5ygx_4oNI4PbHK-fVGEvmGZDIsCATMu1KnopqD3-uju0wR9Yp"
    },
    {
      "video_id": "ref:V_HC_1247",
      "reference_id": "V_HC_1247",
      "player_version": "History Channel",
      "account_ID": "710857105001",
      "Player_name": "nil",
      "Policy_key": "nil"
    },
    {
      "video_id": "4471572571001",
      "reference_id": "2026514",
      "player_version": "Channel One",
      "account_ID": "3728355135001",
      "Player_name": "u1FfpzsDu",
      "Policy_key": "BCpkADawqM1vUM5aCVk6D4hAx-I1FrywWXA8fPdEi248mIKKVm21lqEFjhILJsvs0Qz-g4oYMYk1Dyvnw8Yap4TDqSlyZ8R5ygx_4oNI4PbHK-fVGEvmGZDIsCATMu1KnopqD3-uju0wR9Yp"
    },
    {
      "video_id": "ref:SS_17_The_Ice_Age_SF",
      "reference_id": "SS_17_The_Ice_Age_SF",
      "player_version": "History Channel",
      "account_ID": "710857105001",
      "Player_name": "n51nb34wf",
      "Policy_key": "BCpkADawqM3Xrvz0B1hHdSlqVcxQZzAhcjkmwoZJHru7wp-yztonRqqYz9Vwm6fMjsBpWoefF7K0MlJv0fVkvN8pLUve4IEWG0IEry-4KUTO-Dw7_GKhEiPr9I8"
    },
    {
      "video_id": "ref:SS_17_Mankind_Rome_Falls_SF",
      "reference_id": "SS_17_Mankind_Rome_Falls_SF",
      "player_version": "History Channel",
      "account_ID": "710857105001",
      "Player_name": "n51nb34wf",
      "Policy_key": "BCpkADawqM3Xrvz0B1hHdSlqVcxQZzAhcjkmwoZJHru7wp-yztonRqqYz9Vwm6fMjsBpWoefF7K0MlJv0fVkvN8pLUve4IEWG0IEry-4KUTO-Dw7_GKhEiPr9I8"
    },
    {
      "video_id": "ref:V_HC_0497",
      "reference_id": "V_HC_0497",
      "player_version": "History Channel",
      "account_ID": "710857105001",
      "Player_name": "n51nb34wf",
      "Policy_key": "BCpkADawqM3Xrvz0B1hHdSlqVcxQZzAhcjkmwoZJHru7wp-yztonRqqYz9Vwm6fMjsBpWoefF7K0MlJv0fVkvN8pLUve4IEWG0IEry-4KUTO-Dw7_GKhEiPr9I8"
    },
    {
      "video_id": "ref:855607498001",
      "reference_id": "8.5567E+11",
      "player_version": "History Channel",
      "account_ID": "710857104001",
      "Player_name": "rk1zXMuWG",
      "Policy_key": "BCpkADawqM32Fnq0TrypDPSyWN1D7PAVmt6MtHVqELlwSoaFYq3g12Gzt6Pf6RKs2jHbOBfTFm29HTXnk8ekCki0_2oGqpCzz2PRxgMtDyTMk5tdfULORVVIdZA"
    },
    {
      "video_id": "ref:ss_ms_wc_m19_l06",
      "reference_id": "ss_ms_wc_m19_l06",
      "player_version": "History Channel",
      "account_ID": "nil",
      "Player_name": "nil",
      "Policy_key": "nil"
    },
    {
      "video_id": "ref:ss_hs_wh_m19_l02",
      "reference_id": "ss_hs_wh_m19_l02",
      "player_version": "History Channel",
      "account_ID": "nil",
      "Player_name": "nil",
      "Policy_key": "nil"
    },
    {
      "video_id": "ref:V_HC_2768",
      "reference_id": "V_HC_2768",
      "player_version": "History Channel",
      "account_ID": "710857105001",
      "Player_name": "n51nb34wf",
      "Policy_key": "BCpkADawqM3Xrvz0B1hHdSlqVcxQZzAhcjkmwoZJHru7wp-yztonRqqYz9Vwm6fMjsBpWoefF7K0MlJv0fVkvN8pLUve4IEWG0IEry-4KUTO-Dw7_GKhEiPr9I8"
    },
    {
      "video_id": "ref:V_HC_0261",
      "reference_id": "V_HC_0261",
      "player_version": "History Channel",
      "account_ID": "710857105001",
      "Player_name": "n51nb34wf",
      "Policy_key": "BCpkADawqM3Xrvz0B1hHdSlqVcxQZzAhcjkmwoZJHru7wp-yztonRqqYz9Vwm6fMjsBpWoefF7K0MlJv0fVkvN8pLUve4IEWG0IEry-4KUTO-Dw7_GKhEiPr9I8"
    },
    {
      "video_id": "4087910104001",
      "reference_id": "dmazk5czoi-gjWAfz2C4tIEBrlBn9Tl0",
      "player_version": "Channel One",
      "account_ID": "3728355135001",
      "Player_name": "u1FfpzsDu",
      "Policy_key": "BCpkADawqM1vUM5aCVk6D4hAx-I1FrywWXA8fPdEi248mIKKVm21lqEFjhILJsvs0Qz-g4oYMYk1Dyvnw8Yap4TDqSlyZ8R5ygx_4oNI4PbHK-fVGEvmGZDIsCATMu1KnopqD3-uju0wR9Yp"
    },
    {
      "video_id": "ref:SS_17_Spanish_Silver",
      "reference_id": "SS_17_Spanish_Silver",
      "player_version": "History Channel",
      "account_ID": "710857105001",
      "Player_name": "n51nb34wf",
      "Policy_key": "BCpkADawqM3Xrvz0B1hHdSlqVcxQZzAhcjkmwoZJHru7wp-yztonRqqYz9Vwm6fMjsBpWoefF7K0MlJv0fVkvN8pLUve4IEWG0IEry-4KUTO-Dw7_GKhEiPr9I8"
    },
    {
      "video_id": "ref:V_HC_1164",
      "reference_id": "V_HC_1164",
      "player_version": "History Channel",
      "account_ID": "710857105001",
      "Player_name": "n51nb34wf",
      "Policy_key": "BCpkADawqM3Xrvz0B1hHdSlqVcxQZzAhcjkmwoZJHru7wp-yztonRqqYz9Vwm6fMjsBpWoefF7K0MlJv0fVkvN8pLUve4IEWG0IEry-4KUTO-Dw7_GKhEiPr9I8"
    },
    {
      "video_id": "ref:SS_17_Christopher_Columbus_SF",
      "reference_id": "SS_17_Christopher_Columbus_SF",
      "player_version": "History Channel",
      "account_ID": "710857105001",
      "Player_name": "n51nb34wf",
      "Policy_key": "BCpkADawqM3Xrvz0B1hHdSlqVcxQZzAhcjkmwoZJHru7wp-yztonRqqYz9Vwm6fMjsBpWoefF7K0MlJv0fVkvN8pLUve4IEWG0IEry-4KUTO-Dw7_GKhEiPr9I8"
    },
    {
      "video_id": "ref:V_HC_0268",
      "reference_id": "V_HC_0268",
      "player_version": "History Channel",
      "account_ID": "710857105001",
      "Player_name": "n51nb34wf",
      "Policy_key": "BCpkADawqM3Xrvz0B1hHdSlqVcxQZzAhcjkmwoZJHru7wp-yztonRqqYz9Vwm6fMjsBpWoefF7K0MlJv0fVkvN8pLUve4IEWG0IEry-4KUTO-Dw7_GKhEiPr9I8"
    },
    {
      "video_id": "3977708517001",
      "reference_id": "cyd3F3bzokhDTwSyu5lmTsXrQQv7Ltqw",
      "player_version": "Channel One",
      "account_ID": "3728355135001",
      "Player_name": "u1FfpzsDu",
      "Policy_key": "BCpkADawqM1vUM5aCVk6D4hAx-I1FrywWXA8fPdEi248mIKKVm21lqEFjhILJsvs0Qz-g4oYMYk1Dyvnw8Yap4TDqSlyZ8R5ygx_4oNI4PbHK-fVGEvmGZDIsCATMu1KnopqD3-uju0wR9Yp"
    },
    {
      "video_id": "ref:ss_hs_wh_m19_l02",
      "reference_id": "ss_hs_wh_m19_l02",
      "player_version": "History Channel",
      "account_ID": "nil",
      "Player_name": "nil",
      "Policy_key": "nil"
    },
    {
      "video_id": "3977284578001",
      "reference_id": "5iaWNtcTq68sd9k_QRIvOP8somB_gtq4",
      "player_version": "Channel One",
      "account_ID": "3728355135001",
      "Player_name": "u1FfpzsDu",
      "Policy_key": "BCpkADawqM1vUM5aCVk6D4hAx-I1FrywWXA8fPdEi248mIKKVm21lqEFjhILJsvs0Qz-g4oYMYk1Dyvnw8Yap4TDqSlyZ8R5ygx_4oNI4PbHK-fVGEvmGZDIsCATMu1KnopqD3-uju0wR9Yp"
    },
    {
      "video_id": "4616675255001",
      "reference_id": "2058451",
      "player_version": "Channel One",
      "account_ID": "3728355135001",
      "Player_name": "u1FfpzsDu",
      "Policy_key": "BCpkADawqM1vUM5aCVk6D4hAx-I1FrywWXA8fPdEi248mIKKVm21lqEFjhILJsvs0Qz-g4oYMYk1Dyvnw8Yap4TDqSlyZ8R5ygx_4oNI4PbHK-fVGEvmGZDIsCATMu1KnopqD3-uju0wR9Yp"
    },
    {
      "video_id": "ref:SS_17_London_Landmarks",
      "reference_id": "SS_17_London_Landmarks",
      "player_version": "History Channel",
      "account_ID": "710857105001",
      "Player_name": "n51nb34wf",
      "Policy_key": "BCpkADawqM3Xrvz0B1hHdSlqVcxQZzAhcjkmwoZJHru7wp-yztonRqqYz9Vwm6fMjsBpWoefF7K0MlJv0fVkvN8pLUve4IEWG0IEry-4KUTO-Dw7_GKhEiPr9I8"
    },
    {
      "video_id": "4474119343001",
      "reference_id": "2027079",
      "player_version": "Channel One",
      "account_ID": "3728355135001",
      "Player_name": "u1FfpzsDu",
      "Policy_key": "BCpkADawqM1vUM5aCVk6D4hAx-I1FrywWXA8fPdEi248mIKKVm21lqEFjhILJsvs0Qz-g4oYMYk1Dyvnw8Yap4TDqSlyZ8R5ygx_4oNI4PbHK-fVGEvmGZDIsCATMu1KnopqD3-uju0wR9Yp"
    },
    {
      "video_id": "ref:V_HC_1155",
      "reference_id": "V_HC_1155",
      "player_version": "History Channel",
      "account_ID": "710857105001",
      "Player_name": "n51nb34wf",
      "Policy_key": "BCpkADawqM3Xrvz0B1hHdSlqVcxQZzAhcjkmwoZJHru7wp-yztonRqqYz9Vwm6fMjsBpWoefF7K0MlJv0fVkvN8pLUve4IEWG0IEry-4KUTO-Dw7_GKhEiPr9I8"
    },
    {
      "video_id": "ref:V_HC_1266",
      "reference_id": "V_HC_1266",
      "player_version": "History Channel",
      "account_ID": "710857105001",
      "Player_name": "n51nb34wf",
      "Policy_key": "BCpkADawqM3Xrvz0B1hHdSlqVcxQZzAhcjkmwoZJHru7wp-yztonRqqYz9Vwm6fMjsBpWoefF7K0MlJv0fVkvN8pLUve4IEWG0IEry-4KUTO-Dw7_GKhEiPr9I8"
    },
    {
      "video_id": "ref:SS_17_Mankind_The_Vikings_SF",
      "reference_id": "SS_17_Mankind_The_Vikings_SF",
      "player_version": "History Channel",
      "account_ID": "710857105001",
      "Player_name": "n51nb34wf",
      "Policy_key": "BCpkADawqM3Xrvz0B1hHdSlqVcxQZzAhcjkmwoZJHru7wp-yztonRqqYz9Vwm6fMjsBpWoefF7K0MlJv0fVkvN8pLUve4IEWG0IEry-4KUTO-Dw7_GKhEiPr9I8"
    },
    {
      "video_id": "ref:V_HC_1266",
      "reference_id": "V_HC_1266",
      "player_version": "History Channel",
      "account_ID": "710857105001",
      "Player_name": "n51nb34wf",
      "Policy_key": "BCpkADawqM3Xrvz0B1hHdSlqVcxQZzAhcjkmwoZJHru7wp-yztonRqqYz9Vwm6fMjsBpWoefF7K0MlJv0fVkvN8pLUve4IEWG0IEry-4KUTO-Dw7_GKhEiPr9I8"
    },
    {
      "video_id": "4862669396001",
      "reference_id": "2127109",
      "player_version": "Channel One",
      "account_ID": "3728355135001",
      "Player_name": "u1FfpzsDu",
      "Policy_key": "BCpkADawqM1vUM5aCVk6D4hAx-I1FrywWXA8fPdEi248mIKKVm21lqEFjhILJsvs0Qz-g4oYMYk1Dyvnw8Yap4TDqSlyZ8R5ygx_4oNI4PbHK-fVGEvmGZDIsCATMu1KnopqD3-uju0wR9Yp"
    },
    {
      "video_id": "ref:SS_17_Mankind_Fall_of_Constantinople_SF",
      "reference_id": "SS_17_Mankind_Fall_of_Constantinople_SF",
      "player_version": "History Channel",
      "account_ID": "710857105001",
      "Player_name": "n51nb34wf",
      "Policy_key": "BCpkADawqM3Xrvz0B1hHdSlqVcxQZzAhcjkmwoZJHru7wp-yztonRqqYz9Vwm6fMjsBpWoefF7K0MlJv0fVkvN8pLUve4IEWG0IEry-4KUTO-Dw7_GKhEiPr9I8"
    },
    {
      "video_id": "ref:V_HC_1447",
      "reference_id": "V_HC_1447",
      "player_version": "History Channel",
      "account_ID": "710857105001",
      "Player_name": "n51nb34wf",
      "Policy_key": "BCpkADawqM3Xrvz0B1hHdSlqVcxQZzAhcjkmwoZJHru7wp-yztonRqqYz9Vwm6fMjsBpWoefF7K0MlJv0fVkvN8pLUve4IEWG0IEry-4KUTO-Dw7_GKhEiPr9I8"
    },
    {
      "video_id": "4878389474001",
      "reference_id": "2131257",
      "player_version": "Channel One",
      "account_ID": "3728355135001",
      "Player_name": "u1FfpzsDu",
      "Policy_key": "BCpkADawqM1vUM5aCVk6D4hAx-I1FrywWXA8fPdEi248mIKKVm21lqEFjhILJsvs0Qz-g4oYMYk1Dyvnw8Yap4TDqSlyZ8R5ygx_4oNI4PbHK-fVGEvmGZDIsCATMu1KnopqD3-uju0wR9Yp"
    },
    {
      "video_id": "5211787239001",
      "reference_id": "2237205",
      "player_version": "Channel One",
      "account_ID": "3728355135001",
      "Player_name": "u1FfpzsDu",
      "Policy_key": "BCpkADawqM1vUM5aCVk6D4hAx-I1FrywWXA8fPdEi248mIKKVm21lqEFjhILJsvs0Qz-g4oYMYk1Dyvnw8Yap4TDqSlyZ8R5ygx_4oNI4PbHK-fVGEvmGZDIsCATMu1KnopqD3-uju0wR9Yp"
    },
    {
      "video_id": "ref:V_HC_1391",
      "reference_id": "V_HC_1391",
      "player_version": "History Channel",
      "account_ID": "710857105001",
      "Player_name": "n51nb34wf",
      "Policy_key": "BCpkADawqM3Xrvz0B1hHdSlqVcxQZzAhcjkmwoZJHru7wp-yztonRqqYz9Vwm6fMjsBpWoefF7K0MlJv0fVkvN8pLUve4IEWG0IEry-4KUTO-Dw7_GKhEiPr9I8"
    },
    {
      "video_id": "4259346389001",
      "reference_id": "ZyeXhxdDpLNT2I33M8RKdqwVgcgO_Iem",
      "player_version": "Channel One",
      "account_ID": "3728355135001",
      "Player_name": "u1FfpzsDu",
      "Policy_key": "BCpkADawqM1vUM5aCVk6D4hAx-I1FrywWXA8fPdEi248mIKKVm21lqEFjhILJsvs0Qz-g4oYMYk1Dyvnw8Yap4TDqSlyZ8R5ygx_4oNI4PbHK-fVGEvmGZDIsCATMu1KnopqD3-uju0wR9Yp"
    },
    {
      "video_id": "ref:V_HC_1364",
      "reference_id": "V_HC_1364",
      "player_version": "History Channel",
      "account_ID": "710857105001",
      "Player_name": "n51nb34wf",
      "Policy_key": "BCpkADawqM3Xrvz0B1hHdSlqVcxQZzAhcjkmwoZJHru7wp-yztonRqqYz9Vwm6fMjsBpWoefF7K0MlJv0fVkvN8pLUve4IEWG0IEry-4KUTO-Dw7_GKhEiPr9I8"
    },
    {
      "video_id": "ref:V_HC_0217",
      "reference_id": "V_HC_0217",
      "player_version": "History Channel",
      "account_ID": "710857105001",
      "Player_name": "n51nb34wf",
      "Policy_key": "BCpkADawqM3Xrvz0B1hHdSlqVcxQZzAhcjkmwoZJHru7wp-yztonRqqYz9Vwm6fMjsBpWoefF7K0MlJv0fVkvN8pLUve4IEWG0IEry-4KUTO-Dw7_GKhEiPr9I8"
    },
    {
      "video_id": "ref:V_HC_0512",
      "reference_id": "V_HC_0512",
      "player_version": "History Channel",
      "account_ID": "710857105001",
      "Player_name": "n51nb34wf",
      "Policy_key": "BCpkADawqM3Xrvz0B1hHdSlqVcxQZzAhcjkmwoZJHru7wp-yztonRqqYz9Vwm6fMjsBpWoefF7K0MlJv0fVkvN8pLUve4IEWG0IEry-4KUTO-Dw7_GKhEiPr9I8"
    },
    {
      "video_id": "ref:SS_17_Mankind_Bronze_SF",
      "reference_id": "SS_17_Mankind_Bronze_SF",
      "player_version": "History Channel",
      "account_ID": "710857105001",
      "Player_name": "n51nb34wf",
      "Policy_key": "BCpkADawqM3Xrvz0B1hHdSlqVcxQZzAhcjkmwoZJHru7wp-yztonRqqYz9Vwm6fMjsBpWoefF7K0MlJv0fVkvN8pLUve4IEWG0IEry-4KUTO-Dw7_GKhEiPr9I8"
    },
    {
      "video_id": "ref:V_HC_1322",
      "reference_id": "V_HC_1322",
      "player_version": "History Channel",
      "account_ID": "710857105001",
      "Player_name": "n51nb34wf",
      "Policy_key": "BCpkADawqM3Xrvz0B1hHdSlqVcxQZzAhcjkmwoZJHru7wp-yztonRqqYz9Vwm6fMjsBpWoefF7K0MlJv0fVkvN8pLUve4IEWG0IEry-4KUTO-Dw7_GKhEiPr9I8"
    },
    {
      "video_id": "ref:V_HC_1103",
      "reference_id": "V_HC_1103",
      "player_version": "History Channel",
      "account_ID": "710857105001",
      "Player_name": "n51nb34wf",
      "Policy_key": "BCpkADawqM3Xrvz0B1hHdSlqVcxQZzAhcjkmwoZJHru7wp-yztonRqqYz9Vwm6fMjsBpWoefF7K0MlJv0fVkvN8pLUve4IEWG0IEry-4KUTO-Dw7_GKhEiPr9I8"
    },
    {
      "video_id": "ref:V_HC_1243",
      "reference_id": "V_HC_1243",
      "player_version": "History Channel",
      "account_ID": "710857105001",
      "Player_name": "n51nb34wf",
      "Policy_key": "BCpkADawqM3Xrvz0B1hHdSlqVcxQZzAhcjkmwoZJHru7wp-yztonRqqYz9Vwm6fMjsBpWoefF7K0MlJv0fVkvN8pLUve4IEWG0IEry-4KUTO-Dw7_GKhEiPr9I8"
    },
    {
      "video_id": "ref:SS_17_PROG75082_Warriors",
      "reference_id": "SS_17_PROG75082_Warriors",
      "player_version": "History Channel",
      "account_ID": "710857105001",
      "Player_name": "n51nb34wf",
      "Policy_key": "BCpkADawqM3Xrvz0B1hHdSlqVcxQZzAhcjkmwoZJHru7wp-yztonRqqYz9Vwm6fMjsBpWoefF7K0MlJv0fVkvN8pLUve4IEWG0IEry-4KUTO-Dw7_GKhEiPr9I8"
    },
    {
      "video_id": "ref:V_HC_2339",
      "reference_id": "V_HC_2339",
      "player_version": "History Channel",
      "account_ID": "710857105001",
      "Player_name": "n51nb34wf",
      "Policy_key": "BCpkADawqM3Xrvz0B1hHdSlqVcxQZzAhcjkmwoZJHru7wp-yztonRqqYz9Vwm6fMjsBpWoefF7K0MlJv0fVkvN8pLUve4IEWG0IEry-4KUTO-Dw7_GKhEiPr9I8"
    },
    {
      "video_id": "ref:ss_ms_wc_m07_l01",
      "reference_id": "ss_ms_wc_m07_l01",
      "player_version": "History Channel",
      "account_ID": "nil",
      "Player_name": "nil",
      "Policy_key": "nil"
    },
    {
      "video_id": "ref:SS_17_Mankind_Birth_of_Christianity_SF",
      "reference_id": "SS_17_Mankind_Birth_of_Christianity_SF",
      "player_version": "History Channel",
      "account_ID": "710857105001",
      "Player_name": "n51nb34wf",
      "Policy_key": "BCpkADawqM3Xrvz0B1hHdSlqVcxQZzAhcjkmwoZJHru7wp-yztonRqqYz9Vwm6fMjsBpWoefF7K0MlJv0fVkvN8pLUve4IEWG0IEry-4KUTO-Dw7_GKhEiPr9I8"
    },
    {
      "video_id": "ref:V_HC_0006",
      "reference_id": "V_HC_0006",
      "player_version": "History Channel",
      "account_ID": "710857105001",
      "Player_name": "n51nb34wf",
      "Policy_key": "BCpkADawqM3Xrvz0B1hHdSlqVcxQZzAhcjkmwoZJHru7wp-yztonRqqYz9Vwm6fMjsBpWoefF7K0MlJv0fVkvN8pLUve4IEWG0IEry-4KUTO-Dw7_GKhEiPr9I8"
    },
    {
      "video_id": "ref:V_HC_2106",
      "reference_id": "V_HC_2106",
      "player_version": "History Channel",
      "account_ID": "710857105001",
      "Player_name": "n51nb34wf",
      "Policy_key": "BCpkADawqM3Xrvz0B1hHdSlqVcxQZzAhcjkmwoZJHru7wp-yztonRqqYz9Vwm6fMjsBpWoefF7K0MlJv0fVkvN8pLUve4IEWG0IEry-4KUTO-Dw7_GKhEiPr9I8"
    },
    {
      "video_id": "ref:ss_ms_wc_m07_l01",
      "reference_id": "ss_ms_wc_m07_l01",
      "player_version": "History Channel",
      "account_ID": "nil",
      "Player_name": "nil",
      "Policy_key": "nil"
    },
    {
      "video_id": "5547376575001",
      "reference_id": "2369612",
      "player_version": "nil",
      "account_ID": "nil",
      "Player_name": "nil",
      "Policy_key": "nil"
    },
    {
      "video_id": "ref:SS_17_The_Silk_Road_SF",
      "reference_id": "SS_17_The_Silk_Road_SF",
      "player_version": "nil",
      "account_ID": "nil",
      "Player_name": "nil",
      "Policy_key": "nil"
    },
    {
      "video_id": "ref:V_HC_1322",
      "reference_id": "V_HC_1322",
      "player_version": "History Channel",
      "account_ID": "710857105001",
      "Player_name": "n51nb34wf",
      "Policy_key": "BCpkADawqM3Xrvz0B1hHdSlqVcxQZzAhcjkmwoZJHru7wp-yztonRqqYz9Vwm6fMjsBpWoefF7K0MlJv0fVkvN8pLUve4IEWG0IEry-4KUTO-Dw7_GKhEiPr9I8"
    },
    {
      "video_id": "ref:V_HC_1672",
      "reference_id": "V_HC_1672"
    },
    {
      "video_id": "4261495191001",
      "reference_id": "wweTd2dDpAKaHEd282RPLzriBQ4Bq6qP",
      "player_version": "nil",
      "account_ID": "nil",
      "Player_name": "nil",
      "Policy_key": "nil"
    },
    {
      "video_id": "3992787165001",
      "reference_id": "9iczVrMToAzF1beFjSucQoCsjdayH0K4",
      "player_version": "nil",
      "account_ID": "nil",
      "Player_name": "nil",
      "Policy_key": "nil"
    },
    {
      "video_id": "4090159330001",
      "reference_id": "E3dXZ5cjoxe3QBGN5Om0fgwENPa16Pc2",
      "player_version": "nil",
      "account_ID": "nil",
      "Player_name": "nil",
      "Policy_key": "nil"
    },
    {
      "video_id": "4090159330001",
      "reference_id": "E3dXZ5cjoxe3QBGN5Om0fgwENPa16Pc2",
      "player_version": "nil",
      "account_ID": "nil",
      "Player_name": "nil",
      "Policy_key": "nil"
    },
    {
      "video_id": "4608085038001",
      "reference_id": "2056412",
      "player_version": "nil",
      "account_ID": "nil",
      "Player_name": "nil",
      "Policy_key": "nil"
    },
    {
      "video_id": "ref:SS_17_Mankind_Exile_of_Jews_SF",
      "reference_id": "SS_17_Mankind_Exile_of_Jews_SF",
      "player_version": "History Channel",
      "account_ID": "710857105001",
      "Player_name": "n51nb34wf",
      "Policy_key": "BCpkADawqM3Xrvz0B1hHdSlqVcxQZzAhcjkmwoZJHru7wp-yztonRqqYz9Vwm6fMjsBpWoefF7K0MlJv0fVkvN8pLUve4IEWG0IEry-4KUTO-Dw7_GKhEiPr9I8"
    },
    {
      "video_id": "4214650086001",
      "reference_id": "A4djYxdDrKVpCu8f5x4eKYIpUK19iYEh",
      "player_version": "Channel One",
      "account_ID": "3728355135001",
      "Player_name": "u1FfpzsDu",
      "Policy_key": "BCpkADawqM1vUM5aCVk6D4hAx-I1FrywWXA8fPdEi248mIKKVm21lqEFjhILJsvs0Qz-g4oYMYk1Dyvnw8Yap4TDqSlyZ8R5ygx_4oNI4PbHK-fVGEvmGZDIsCATMu1KnopqD3-uju0wR9Yp"
    },
    {
      "video_id": "4875303155001",
      "reference_id": "2130213",
      "player_version": "Channel One",
      "account_ID": "3728355135001",
      "Player_name": "u1FfpzsDu",
      "Policy_key": "BCpkADawqM1vUM5aCVk6D4hAx-I1FrywWXA8fPdEi248mIKKVm21lqEFjhILJsvs0Qz-g4oYMYk1Dyvnw8Yap4TDqSlyZ8R5ygx_4oNI4PbHK-fVGEvmGZDIsCATMu1KnopqD3-uju0wR9Yp"
    },
    {
      "video_id": "3977708462001",
      "reference_id": "ZoZWE2cDqZG3zhRr3QpdPOtBhan9JAmu",
      "player_version": "Channel One",
      "account_ID": "3728355135001",
      "Player_name": "u1FfpzsDu",
      "Policy_key": "BCpkADawqM1vUM5aCVk6D4hAx-I1FrywWXA8fPdEi248mIKKVm21lqEFjhILJsvs0Qz-g4oYMYk1Dyvnw8Yap4TDqSlyZ8R5ygx_4oNI4PbHK-fVGEvmGZDIsCATMu1KnopqD3-uju0wR9Yp"
    },
    {
      "video_id": "4719854800001",
      "reference_id": "2086861",
      "player_version": "Channel One",
      "account_ID": "3728355135001",
      "Player_name": "u1FfpzsDu",
      "Policy_key": "BCpkADawqM1vUM5aCVk6D4hAx-I1FrywWXA8fPdEi248mIKKVm21lqEFjhILJsvs0Qz-g4oYMYk1Dyvnw8Yap4TDqSlyZ8R5ygx_4oNI4PbHK-fVGEvmGZDIsCATMu1KnopqD3-uju0wR9Yp"
    },
    {
      "video_id": "ref:V_HC_1227",
      "reference_id": "V_HC_1227",
      "player_version": "History Channel",
      "account_ID": "710857105001",
      "Player_name": "n51nb34wf",
      "Policy_key": "BCpkADawqM3Xrvz0B1hHdSlqVcxQZzAhcjkmwoZJHru7wp-yztonRqqYz9Vwm6fMjsBpWoefF7K0MlJv0fVkvN8pLUve4IEWG0IEry-4KUTO-Dw7_GKhEiPr9I8"
    },
    {
      "video_id": "ref:V_HC_1224",
      "reference_id": "V_HC_1224",
      "player_version": "History Channel",
      "account_ID": "710857105001",
      "Player_name": "n51nb34wf",
      "Policy_key": "BCpkADawqM3Xrvz0B1hHdSlqVcxQZzAhcjkmwoZJHru7wp-yztonRqqYz9Vwm6fMjsBpWoefF7K0MlJv0fVkvN8pLUve4IEWG0IEry-4KUTO-Dw7_GKhEiPr9I8"
    },
    {
      "video_id": "ref:V_HC_1246",
      "reference_id": "V_HC_1246",
      "player_version": "History Channel",
      "account_ID": "710857105001",
      "Player_name": "n51nb34wf",
      "Policy_key": "BCpkADawqM3Xrvz0B1hHdSlqVcxQZzAhcjkmwoZJHru7wp-yztonRqqYz9Vwm6fMjsBpWoefF7K0MlJv0fVkvN8pLUve4IEWG0IEry-4KUTO-Dw7_GKhEiPr9I8"
    },
    {
      "video_id": "4719854800001",
      "reference_id": "2086861",
      "player_version": "Channel One",
      "account_ID": "3728355135001",
      "Player_name": "u1FfpzsDu",
      "Policy_key": "BCpkADawqM1vUM5aCVk6D4hAx-I1FrywWXA8fPdEi248mIKKVm21lqEFjhILJsvs0Qz-g4oYMYk1Dyvnw8Yap4TDqSlyZ8R5ygx_4oNI4PbHK-fVGEvmGZDIsCATMu1KnopqD3-uju0wR9Yp"
    },
    {
      "video_id": "ref:V_HC_1926",
      "reference_id": "V_HC_1926",
      "player_version": "History Channel",
      "account_ID": "710857105001",
      "Player_name": "n51nb34wf",
      "Policy_key": "BCpkADawqM3Xrvz0B1hHdSlqVcxQZzAhcjkmwoZJHru7wp-yztonRqqYz9Vwm6fMjsBpWoefF7K0MlJv0fVkvN8pLUve4IEWG0IEry-4KUTO-Dw7_GKhEiPr9I8"
    },
    {
      "video_id": "ref:SS_17_African_Slave_Trade_SF",
      "reference_id": "SS_17_African_Slave_Trade_SF",
      "player_version": "History Channel",
      "account_ID": "710857105001",
      "Player_name": "n51nb34wf",
      "Policy_key": "BCpkADawqM3Xrvz0B1hHdSlqVcxQZzAhcjkmwoZJHru7wp-yztonRqqYz9Vwm6fMjsBpWoefF7K0MlJv0fVkvN8pLUve4IEWG0IEry-4KUTO-Dw7_GKhEiPr9I8"
    },
    {
      "video_id": "ref:V_HC_1246",
      "reference_id": "V_HC_1246",
      "player_version": "History Channel",
      "account_ID": "710857105001",
      "Player_name": "n51nb34wf",
      "Policy_key": "BCpkADawqM3Xrvz0B1hHdSlqVcxQZzAhcjkmwoZJHru7wp-yztonRqqYz9Vwm6fMjsBpWoefF7K0MlJv0fVkvN8pLUve4IEWG0IEry-4KUTO-Dw7_GKhEiPr9I8"
    },
    {
      "video_id": "ref:V_HC_2364",
      "reference_id": "V_HC_2364",
      "player_version": "History Channel",
      "account_ID": "710857105001",
      "Player_name": "n51nb34wf",
      "Policy_key": "BCpkADawqM3Xrvz0B1hHdSlqVcxQZzAhcjkmwoZJHru7wp-yztonRqqYz9Vwm6fMjsBpWoefF7K0MlJv0fVkvN8pLUve4IEWG0IEry-4KUTO-Dw7_GKhEiPr9I8"
    },
    {
      "video_id": "ref:V_HC_1926",
      "reference_id": "V_HC_1926",
      "player_version": "History Channel",
      "account_ID": "710857105001",
      "Player_name": "n51nb34wf",
      "Policy_key": "BCpkADawqM3Xrvz0B1hHdSlqVcxQZzAhcjkmwoZJHru7wp-yztonRqqYz9Vwm6fMjsBpWoefF7K0MlJv0fVkvN8pLUve4IEWG0IEry-4KUTO-Dw7_GKhEiPr9I8"
    },
    {
      "video_id": "ref:SS_17_PROG75084_Survivors",
      "reference_id": "SS_17_PROG75084_Survivors",
      "player_version": "History Channel",
      "account_ID": "710857105001",
      "Player_name": "nil",
      "Policy_key": "nil"
    },
    {
      "video_id": "3977094973001",
      "reference_id": "Q1ZjMxcjoDKT7jW5yZSMUd-0T8Lxcccr",
      "player_version": "Channel One",
      "account_ID": "3728355135001",
      "Player_name": "u1FfpzsDu",
      "Policy_key": "BCpkADawqM1vUM5aCVk6D4hAx-I1FrywWXA8fPdEi248mIKKVm21lqEFjhILJsvs0Qz-g4oYMYk1Dyvnw8Yap4TDqSlyZ8R5ygx_4oNI4PbHK-fVGEvmGZDIsCATMu1KnopqD3-uju0wR9Yp"
    },
    {
      "video_id": "3983679138001",
      "reference_id": "wyMm9wbTpI9YWG2CuGjaAAFoNLFdBDf9",
      "player_version": "Channel One",
      "account_ID": "3728355135001",
      "Player_name": "u1FfpzsDu",
      "Policy_key": "BCpkADawqM1vUM5aCVk6D4hAx-I1FrywWXA8fPdEi248mIKKVm21lqEFjhILJsvs0Qz-g4oYMYk1Dyvnw8Yap4TDqSlyZ8R5ygx_4oNI4PbHK-fVGEvmGZDIsCATMu1KnopqD3-uju0wR9Yp"
    },
    {
      "video_id": "3977293654001",
      "reference_id": "AyNWljcToU8u_HrjVF3ba5kd7w5BoeOf",
      "player_version": "Channel One",
      "account_ID": "3728355135001",
      "Player_name": "u1FfpzsDu",
      "Policy_key": "BCpkADawqM1vUM5aCVk6D4hAx-I1FrywWXA8fPdEi248mIKKVm21lqEFjhILJsvs0Qz-g4oYMYk1Dyvnw8Yap4TDqSlyZ8R5ygx_4oNI4PbHK-fVGEvmGZDIsCATMu1KnopqD3-uju0wR9Yp"
    },
    {
      "video_id": "3977189298001",
      "reference_id": "43am90cToTqzpyrma3Pqtuyno_90-PQ0",
      "player_version": "Channel One",
      "account_ID": "3728355135001",
      "Player_name": "u1FfpzsDu",
      "Policy_key": "BCpkADawqM1vUM5aCVk6D4hAx-I1FrywWXA8fPdEi248mIKKVm21lqEFjhILJsvs0Qz-g4oYMYk1Dyvnw8Yap4TDqSlyZ8R5ygx_4oNI4PbHK-fVGEvmGZDIsCATMu1KnopqD3-uju0wR9Yp"
    },
    {
      "video_id": "3983880478001",
      "reference_id": "Z1cTM3aTo2N2UI7uKC8liCq0XeiCY_GY",
      "player_version": "Channel One",
      "account_ID": "3728355135001",
      "Player_name": "u1FfpzsDu",
      "Policy_key": "BCpkADawqM1vUM5aCVk6D4hAx-I1FrywWXA8fPdEi248mIKKVm21lqEFjhILJsvs0Qz-g4oYMYk1Dyvnw8Yap4TDqSlyZ8R5ygx_4oNI4PbHK-fVGEvmGZDIsCATMu1KnopqD3-uju0wR9Yp"
    },
    {
      "video_id": "3976937290001",
      "reference_id": "xqeTJicjpBhh0ApXxVRXh9PFg6EooJfd",
      "player_version": "Channel One",
      "account_ID": "3728355135001",
      "Player_name": "u1FfpzsDu",
      "Policy_key": "BCpkADawqM1vUM5aCVk6D4hAx-I1FrywWXA8fPdEi248mIKKVm21lqEFjhILJsvs0Qz-g4oYMYk1Dyvnw8Yap4TDqSlyZ8R5ygx_4oNI4PbHK-fVGEvmGZDIsCATMu1KnopqD3-uju0wR9Yp"
    },
    {
      "video_id": "3977189298001",
      "reference_id": "43am90cToTqzpyrma3Pqtuyno_90-PQ0",
      "player_version": "Channel One",
      "account_ID": "3728355135001",
      "Player_name": "u1FfpzsDu",
      "Policy_key": "BCpkADawqM1vUM5aCVk6D4hAx-I1FrywWXA8fPdEi248mIKKVm21lqEFjhILJsvs0Qz-g4oYMYk1Dyvnw8Yap4TDqSlyZ8R5ygx_4oNI4PbHK-fVGEvmGZDIsCATMu1KnopqD3-uju0wR9Yp"
    },
    {
      "video_id": "4806061869001",
      "reference_id": "2111140",
      "player_version": "Channel One",
      "account_ID": "3728355135001",
      "Player_name": "u1FfpzsDu",
      "Policy_key": "BCpkADawqM1vUM5aCVk6D4hAx-I1FrywWXA8fPdEi248mIKKVm21lqEFjhILJsvs0Qz-g4oYMYk1Dyvnw8Yap4TDqSlyZ8R5ygx_4oNI4PbHK-fVGEvmGZDIsCATMu1KnopqD3-uju0wR9Yp"
    },
    {
      "video_id": "ref:ss_ms_wc_m05_l04",
      "reference_id": "ss_ms_wc_m05_l04",
      "player_version": "History Channel",
      "account_ID": "nil",
      "Player_name": "nil",
      "Policy_key": "nil"
    },
    {
      "video_id": "ref:ss_ms_wc_m05_l04",
      "reference_id": "ss_ms_wc_m05_l04",
      "player_version": "History Channel",
      "account_ID": "nil",
      "Player_name": "nil",
      "Policy_key": "nil"
    },
    {
      "video_id": "ref:V_HC_1992",
      "reference_id": "V_HC_1992",
      "player_version": "History Channel",
      "account_ID": "710857105001",
      "Player_name": "n51nb34wf",
      "Policy_key": "BCpkADawqM3Xrvz0B1hHdSlqVcxQZzAhcjkmwoZJHru7wp-yztonRqqYz9Vwm6fMjsBpWoefF7K0MlJv0fVkvN8pLUve4IEWG0IEry-4KUTO-Dw7_GKhEiPr9I8"
    },
    {
      "video_id": "ref:V_HC_0229",
      "reference_id": "V_HC_0229",
      "player_version": "History Channel",
      "account_ID": "710857105001",
      "Player_name": "n51nb34wf",
      "Policy_key": "BCpkADawqM3Xrvz0B1hHdSlqVcxQZzAhcjkmwoZJHru7wp-yztonRqqYz9Vwm6fMjsBpWoefF7K0MlJv0fVkvN8pLUve4IEWG0IEry-4KUTO-Dw7_GKhEiPr9I8"
    },
    {
      "video_id": "ref:V_HC_2355",
      "reference_id": "V_HC_2355",
      "player_version": "History Channel",
      "account_ID": "710857105001",
      "Player_name": "n51nb34wf",
      "Policy_key": "BCpkADawqM3Xrvz0B1hHdSlqVcxQZzAhcjkmwoZJHru7wp-yztonRqqYz9Vwm6fMjsBpWoefF7K0MlJv0fVkvN8pLUve4IEWG0IEry-4KUTO-Dw7_GKhEiPr9I8"
    },
    {
      "video_id": "ref:855630901001",
      "reference_id": "8.55631E+11",
      "player_version": "History Channel",
      "account_ID": "710857104001",
      "Player_name": "rk1zXMuWG",
      "Policy_key": "BCpkADawqM32Fnq0TrypDPSyWN1D7PAVmt6MtHVqELlwSoaFYq3g12Gzt6Pf6RKs2jHbOBfTFm29HTXnk8ekCki0_2oGqpCzz2PRxgMtDyTMk5tdfULORVVIdZA"
    },
    {
      "video_id": "ref:V_HC_1181",
      "reference_id": "V_HC_1181",
      "player_version": "History Channel",
      "account_ID": "710857105001",
      "Player_name": "n51nb34wf",
      "Policy_key": "BCpkADawqM3Xrvz0B1hHdSlqVcxQZzAhcjkmwoZJHru7wp-yztonRqqYz9Vwm6fMjsBpWoefF7K0MlJv0fVkvN8pLUve4IEWG0IEry-4KUTO-Dw7_GKhEiPr9I8"
    },
    {
      "video_id": "3983783757001",
      "reference_id": "V5ZG84bDp14icT_TsDlkW_LPviwxbKba",
      "player_version": "Channel One",
      "account_ID": "3728355135001",
      "Player_name": "u1FfpzsDu",
      "Policy_key": "BCpkADawqM1vUM5aCVk6D4hAx-I1FrywWXA8fPdEi248mIKKVm21lqEFjhILJsvs0Qz-g4oYMYk1Dyvnw8Yap4TDqSlyZ8R5ygx_4oNI4PbHK-fVGEvmGZDIsCATMu1KnopqD3-uju0wR9Yp"
    },
    {
      "video_id": "3983770669001",
      "reference_id": "hrb3lkbDo0OIUTg4Vtf53wjRHW7h5mSv",
      "player_version": "Channel One",
      "account_ID": "3728355135001",
      "Player_name": "u1FfpzsDu",
      "Policy_key": "BCpkADawqM1vUM5aCVk6D4hAx-I1FrywWXA8fPdEi248mIKKVm21lqEFjhILJsvs0Qz-g4oYMYk1Dyvnw8Yap4TDqSlyZ8R5ygx_4oNI4PbHK-fVGEvmGZDIsCATMu1KnopqD3-uju0wR9Yp"
    },
    {
      "video_id": "3977279616001",
      "reference_id": "FpbXhzcTokNGpy3X21EBwrjsym1ROfoX",
      "player_version": "Channel One",
      "account_ID": "3728355135001",
      "Player_name": "u1FfpzsDu",
      "Policy_key": "BCpkADawqM1vUM5aCVk6D4hAx-I1FrywWXA8fPdEi248mIKKVm21lqEFjhILJsvs0Qz-g4oYMYk1Dyvnw8Yap4TDqSlyZ8R5ygx_4oNI4PbHK-fVGEvmGZDIsCATMu1KnopqD3-uju0wR9Yp"
    },
    {
      "video_id": "ref:V_HC_0265",
      "reference_id": "V_HC_0265",
      "player_version": "History Channel",
      "account_ID": "710857105001",
      "Player_name": "nil",
      "Policy_key": "nil"
    },
    {
      "video_id": "3986179381001",
      "reference_id": "1279112",
      "player_version": "Channel One",
      "account_ID": "3728355135001",
      "Player_name": "u1FfpzsDu",
      "Policy_key": "BCpkADawqM1vUM5aCVk6D4hAx-I1FrywWXA8fPdEi248mIKKVm21lqEFjhILJsvs0Qz-g4oYMYk1Dyvnw8Yap4TDqSlyZ8R5ygx_4oNI4PbHK-fVGEvmGZDIsCATMu1KnopqD3-uju0wR9Yp"
    },
    {
      "video_id": "4555896583001",
      "reference_id": "2042248",
      "player_version": "Channel One",
      "account_ID": "3728355135001",
      "Player_name": "u1FfpzsDu",
      "Policy_key": "BCpkADawqM1vUM5aCVk6D4hAx-I1FrywWXA8fPdEi248mIKKVm21lqEFjhILJsvs0Qz-g4oYMYk1Dyvnw8Yap4TDqSlyZ8R5ygx_4oNI4PbHK-fVGEvmGZDIsCATMu1KnopqD3-uju0wR9Yp"
    },
    {
      "video_id": "3977684369001",
      "reference_id": "1zczJzcDpktvOXVVMAKUpT793UOO0ADW",
      "player_version": "Channel One",
      "account_ID": "3728355135001",
      "Player_name": "u1FfpzsDu",
      "Policy_key": "BCpkADawqM1vUM5aCVk6D4hAx-I1FrywWXA8fPdEi248mIKKVm21lqEFjhILJsvs0Qz-g4oYMYk1Dyvnw8Yap4TDqSlyZ8R5ygx_4oNI4PbHK-fVGEvmGZDIsCATMu1KnopqD3-uju0wR9Yp"
    },
    {
      "video_id": "ref:855859010001",
      "reference_id": "8.55859E+11",
      "player_version": "History Channel",
      "account_ID": "710857104001",
      "Player_name": "rk1zXMuWG",
      "Policy_key": "BCpkADawqM32Fnq0TrypDPSyWN1D7PAVmt6MtHVqELlwSoaFYq3g12Gzt6Pf6RKs2jHbOBfTFm29HTXnk8ekCki0_2oGqpCzz2PRxgMtDyTMk5tdfULORVVIdZA"
    },
    {
      "video_id": "ref:SS_17_Cambodia",
      "reference_id": "SS_17_Cambodia",
      "player_version": "History Channel",
      "account_ID": "710857105001",
      "Player_name": "nil",
      "Policy_key": "nil"
    },
    {
      "video_id": "5579617485001",
      "reference_id": "2385701",
      "player_version": "Channel One",
      "account_ID": "3728355135001",
      "Player_name": "u1FfpzsDu",
      "Policy_key": "BCpkADawqM1vUM5aCVk6D4hAx-I1FrywWXA8fPdEi248mIKKVm21lqEFjhILJsvs0Qz-g4oYMYk1Dyvnw8Yap4TDqSlyZ8R5ygx_4oNI4PbHK-fVGEvmGZDIsCATMu1KnopqD3-uju0wR9Yp"
    },
    {
      "video_id": "4261542124001",
      "reference_id": "c1anR2dDq5HoS2sYG83XgDimg3SXQUdc",
      "player_version": "Channel One",
      "account_ID": "3728355135001",
      "Player_name": "u1FfpzsDu",
      "Policy_key": "BCpkADawqM1vUM5aCVk6D4hAx-I1FrywWXA8fPdEi248mIKKVm21lqEFjhILJsvs0Qz-g4oYMYk1Dyvnw8Yap4TDqSlyZ8R5ygx_4oNI4PbHK-fVGEvmGZDIsCATMu1KnopqD3-uju0wR9Yp"
    },
    {
      "video_id": "3976700659001",
      "reference_id": "Bnb3Ntcjr03vlJDTp1PW_bzyrRuvxCj4",
      "player_version": "Channel One",
      "account_ID": "3728355135001",
      "Player_name": "u1FfpzsDu",
      "Policy_key": "BCpkADawqM1vUM5aCVk6D4hAx-I1FrywWXA8fPdEi248mIKKVm21lqEFjhILJsvs0Qz-g4oYMYk1Dyvnw8Yap4TDqSlyZ8R5ygx_4oNI4PbHK-fVGEvmGZDIsCATMu1KnopqD3-uju0wR9Yp"
    },
    {
      "video_id": "3976700662001",
      "reference_id": "hvbjdtcjow6mBRN17SntCd624aVnX_mj",
      "player_version": "Channel One",
      "account_ID": "3728355135001",
      "Player_name": "u1FfpzsDu",
      "Policy_key": "BCpkADawqM1vUM5aCVk6D4hAx-I1FrywWXA8fPdEi248mIKKVm21lqEFjhILJsvs0Qz-g4oYMYk1Dyvnw8Yap4TDqSlyZ8R5ygx_4oNI4PbHK-fVGEvmGZDIsCATMu1KnopqD3-uju0wR9Yp"
    },
    {
      "video_id": "4261542124001",
      "reference_id": "c1anR2dDq5HoS2sYG83XgDimg3SXQUdc",
      "player_version": "Channel One",
      "account_ID": "3728355135001",
      "Player_name": "u1FfpzsDu",
      "Policy_key": "BCpkADawqM1vUM5aCVk6D4hAx-I1FrywWXA8fPdEi248mIKKVm21lqEFjhILJsvs0Qz-g4oYMYk1Dyvnw8Yap4TDqSlyZ8R5ygx_4oNI4PbHK-fVGEvmGZDIsCATMu1KnopqD3-uju0wR9Yp"
    },
    {
      "video_id": "5400371280001",
      "reference_id": "2300391",
      "player_version": "Channel One",
      "account_ID": "3728355135001",
      "Player_name": "u1FfpzsDu",
      "Policy_key": "BCpkADawqM1vUM5aCVk6D4hAx-I1FrywWXA8fPdEi248mIKKVm21lqEFjhILJsvs0Qz-g4oYMYk1Dyvnw8Yap4TDqSlyZ8R5ygx_4oNI4PbHK-fVGEvmGZDIsCATMu1KnopqD3-uju0wR9Yp"
    },
    {
      "video_id": "5402596337001",
      "reference_id": "2301959",
      "player_version": "Channel One",
      "account_ID": "3728355135001",
      "Player_name": "u1FfpzsDu",
      "Policy_key": "BCpkADawqM1vUM5aCVk6D4hAx-I1FrywWXA8fPdEi248mIKKVm21lqEFjhILJsvs0Qz-g4oYMYk1Dyvnw8Yap4TDqSlyZ8R5ygx_4oNI4PbHK-fVGEvmGZDIsCATMu1KnopqD3-uju0wR9Yp"
    },
    {
      "video_id": "5615144069001",
      "reference_id": "2402759",
      "player_version": "Channel One",
      "account_ID": "3728355135001",
      "Player_name": "u1FfpzsDu",
      "Policy_key": "BCpkADawqM1vUM5aCVk6D4hAx-I1FrywWXA8fPdEi248mIKKVm21lqEFjhILJsvs0Qz-g4oYMYk1Dyvnw8Yap4TDqSlyZ8R5ygx_4oNI4PbHK-fVGEvmGZDIsCATMu1KnopqD3-uju0wR9Yp"
    },
    {
      "video_id": "ref:V_HC_2800",
      "reference_id": "V_HC_2800",
      "player_version": "History Channel",
      "account_ID": "710857105001",
      "Player_name": "n51nb34wf",
      "Policy_key": "BCpkADawqM3Xrvz0B1hHdSlqVcxQZzAhcjkmwoZJHru7wp-yztonRqqYz9Vwm6fMjsBpWoefF7K0MlJv0fVkvN8pLUve4IEWG0IEry-4KUTO-Dw7_GKhEiPr9I8"
    },
    {
      "video_id": "ref:V_HC_1890",
      "reference_id": "V_HC_1890",
      "player_version": "History Channel",
      "account_ID": "710857105001",
      "Player_name": "n51nb34wf",
      "Policy_key": "BCpkADawqM3Xrvz0B1hHdSlqVcxQZzAhcjkmwoZJHru7wp-yztonRqqYz9Vwm6fMjsBpWoefF7K0MlJv0fVkvN8pLUve4IEWG0IEry-4KUTO-Dw7_GKhEiPr9I8"
    }
  ]
}