{
  "assets_config": {
    "image_path": "../../../../../img/cards/",
    "audio_path": "",
    "video_path": ""
  },
  "mapping_data": [
    {
      "source_key_name": "poster_image",
      "target_key_name": "stimulus",
      "source_parent_name": "",
      "target_parent_name": "videos.video",
      "iterative": "no",
      "para_tag": "no",
      "difference_in_index": "0",
      "data_type": "image"
    },
    {
      "source_key_name": "start_time",
      "target_key_name": "startTime",
      "source_parent_name": "",
      "target_parent_name": "videos.video",
      "iterative": "no",
      "para_tag": "no",
      "difference_in_index": "0",
      "data_type": "text"
    },
    {
      "source_key_name": "duration",
      "target_key_name": "endTime",
      "source_parent_name": "",
      "target_parent_name": "videos.video",
      "iterative": "no",
      "para_tag": "no",
      "difference_in_index": "0",
      "data_type": "text"
    },
    {
      "source_key_name": "video_title",
      "target_key_name": "ActivityTitle",
      "source_parent_name": "",
      "target_parent_name": "",
      "iterative": "no",
      "para_tag": "no",
      "difference_in_index": "0",
      "data_type": "text"
    },
    {
      "source_key_name": "video_caption",
      "target_key_name": "QuestionStem",
      "source_parent_name": "",
      "target_parent_name": "",
      "iterative": "no",
      "para_tag": "no",
      "difference_in_index": "0",
      "data_type": "text"
    }
  ]
}
