{
  "ActivityTitle": "",
  "QuestionStem": "",
  "VOIntro": "",
  "Tip": "",
  "Summary": "",
  "videos": [
    {
      "video": {
         "account": "",
        "policy_key": "",
        "player": "",
        "videoid": "",
        "stimulus": "",
        "startTime": "",
        "endTime": "",
        "posterAltImage": "",
        "posterImageCredits": ""
      }

    }
  ],
  "FinalCannedResponse": "",
  "FinalFeedback": "",
  "AudioFromRCE": true,
  "qtype": "video",
  "AllowFullScreen": false,
  "AllowAudio": true,
  "AllowRefresh": true,
  "ShowAnswerOption": false,
  "SubmitToTeacherOption": false,
  "MaxAttempts": "1",
  "isPracticeInteraction": false,
  "audioFile": "../../audio/manifests/config.json",
  "audioSchema": "video_audio_schema.json"
}
