{
  "mapping_data": [
  {
      "source_key_name": "mainheader",
      "target_key_name": "ActivityTitle",
      "parent_name_1": "clipBegin",
      "parent_name_2": "clipEnd",
      "iterative": "no",
      "array_type": "tracks",
      "array_type_pl": "",
      "reference_name": "id",
      "data_type": "text",
      "data_type_pl": "",
      "inside_trackid": ""
    },
    {
      "source_key_name": "itemsDesc",
      "target_key_name": "Captions",
      "parent_name_1": "clipBegin",
      "parent_name_2": "clipEnd",
      "iterative": "yes",
      "array_type": "tracks",
      "reference_name": "id",
      "array_type_pl": "playlists",
      "data_type": "caption",
      "data_type_pl": "caption",
      "inside_trackid": "trackIds"
    },
    {
      "source_key_name": "",
      "target_key_name": "",
      "parent_name_1": "src",
      "parent_name_2": "",
      "iterative": "yes",
      "array_type": "tracks",
      "array_type_pl": "",
      "reference_name": "",
      "data_type": "srcpath",
      "data_type_pl": "",
      "inside_trackid": ""
    }

  ]
}
