{
  "type": "ExpLib_Image_Gallery",
  "contentId": "",
  "playlists": [
    {
      "id": "start",
      "trackIds": [
        "ActivityTitle",
        "QuestionStem"
      ]
    },
    {
      "id": "caption-0",
      "trackIds": [
        "Captions-0"
      ]
    },
    {
      "id": "caption-1",
      "trackIds": [
        "Captions-1"
      ]
    },
    {
      "id": "caption-2",
      "trackIds": [
        "Captions-2"
      ]
    },
    {
      "id": "caption-3",
      "trackIds": [
        "Captions-3"
      ]
    },
    {
      "id": "caption-4",
      "trackIds": [
        "Captions-4"
      ]
    },
    {
      "id": "caption-5",
      "trackIds": [
        "Captions-5"
      ]
    },
    {
      "id": "caption-6",
      "trackIds": [
        "Captions-6"
      ]
    }
  ],
  "tracks": [
    {
      "id": "ActivityTitle",
      "clipBegin": "00:00:00",
      "clipEnd": "00:00:00",
      "src": "../../../../audio/widgets/a03753e4430a4739b35b7bc22025be15.mp3"
    },
    {
      "id": "QuestionStem",
      "clipBegin": "00:00:00.000",
      "clipEnd": "00:00:00.001",
      "src": "../../../../audio/widgets/a03753e4430a4739b35b7bc22025be15.mp3"
    },
    {
      "id": "Captions-0",
      "clipBegin": "00:00:00.001",
      "clipEnd": "00:00:14.577",
      "src": "../../../../audio/widgets/a03753e4430a4739b35b7bc22025be15.mp3"
    },
    {
      "id": "Captions-1",
      "clipBegin": "00:00:14.578",
      "clipEnd": "00:00:25.393",
      "src": "../../../../audio/widgets/a03753e4430a4739b35b7bc22025be15.mp3"
    },
    {
      "id": "Captions-2",
      "clipBegin": "00:00:25.394",
      "clipEnd": "00:00:37.515",
      "src": "../../../../audio/widgets/a03753e4430a4739b35b7bc22025be15.mp3"
    },
    {
      "id": "Captions-3",
      "clipBegin": "00:00:37.516",
      "clipEnd": "00:00:48.775",
      "src": "../../../../audio/widgets/a03753e4430a4739b35b7bc22025be15.mp3"
    },
    {
      "id": "Captions-4",
      "clipBegin": "00:00:48.776",
      "clipEnd": "00:01:01.994",
      "src": "../../../../audio/widgets/a03753e4430a4739b35b7bc22025be15.mp3"
    },
    {
      "id": "Captions-5",
      "clipBegin": "00:01:01.995",
      "clipEnd": "00:01:14.638",
      "src": "../../../../audio/widgets/a03753e4430a4739b35b7bc22025be15.mp3"
    },
    {
      "id": "Captions-6",
      "clipBegin": "00:01:14.639",
      "clipEnd": "00:01:28.353",
      "src": "../../../../audio/widgets/a03753e4430a4739b35b7bc22025be15.mp3"
    }
  ]
}
