{
  "type": " SSNA_Image_Carousel",
  "contentId": "",
  "playlists": [
    {
      "id": "init_screen",
      "trackIds": [
        "mainheader",
        "itemsDesc-0"
      ]
    },
    {
      "id": "desc-0",
      "trackIds": [
        "itemsDesc-0"
      ]
    },
    {
      "id": "desc-1",
      "trackIds": [
        "itemsDesc-1"
      ]
    },
    {
      "id": "desc-2",
      "trackIds": [
        "itemsDesc-2"
      ]
    },
    {
      "id": "desc-3",
      "trackIds": [
        "itemsDesc-3"
      ]
    },
    {
      "id": "desc-4",
      "trackIds": [
        "itemsDesc-4"
      ]
    },
    {
      "id": "desc-5",
      "trackIds": [
        "itemsDesc-5"
      ]
    },
    {
      "id": "desc-6",
      "trackIds": [
        "itemsDesc-6"
      ]
    }
  ],
  "tracks": [
    {
      "id": "mainheader",
      "clipBegin": "00:00:00",
      "clipEnd": "00:00:00",
      "src": "../../audio/widgets/a03753e4430a4739b35b7bc22025be15.mp3"
    },
    {
      "id": "itemsDesc-0",
      "clipBegin": "00:00:00.001",
      "clipEnd": "00:00:14.577",
      "src": "../../audio/widgets/a03753e4430a4739b35b7bc22025be15.mp3"
    },
    {
      "id": "itemsDesc-1",
      "clipBegin": "00:00:14.578",
      "clipEnd": "00:00:25.393",
      "src": "../../audio/widgets/a03753e4430a4739b35b7bc22025be15.mp3"
    },
    {
      "id": "itemsDesc-2",
      "clipBegin": "00:00:25.394",
      "clipEnd": "00:00:37.515",
      "src": "../../audio/widgets/a03753e4430a4739b35b7bc22025be15.mp3"
    },
    {
      "id": "itemsDesc-3",
      "clipBegin": "00:00:37.516",
      "clipEnd": "00:00:48.775",
      "src": "../../audio/widgets/a03753e4430a4739b35b7bc22025be15.mp3"
    },
    {
      "id": "itemsDesc-4",
      "clipBegin": "00:00:48.776",
      "clipEnd": "00:01:01.994",
      "src": "../../audio/widgets/a03753e4430a4739b35b7bc22025be15.mp3"
    },
    {
      "id": "itemsDesc-5",
      "clipBegin": "00:01:01.995",
      "clipEnd": "00:01:14.638",
      "src": "../../audio/widgets/a03753e4430a4739b35b7bc22025be15.mp3"
    },
    {
      "id": "itemsDesc-6",
      "clipBegin": "00:01:14.639",
      "clipEnd": "00:01:28.353",
      "src": "../../audio/widgets/a03753e4430a4739b35b7bc22025be15.mp3"
    }
  ]
}
