{
  "type": "ExpLib_Drag_Drop_Background",
  "contentId": "",
  "playlists": [
    {
      "id": "start",
      "trackIds": [
        "ActivityTitle",
        "QuestionStem",
        "Stimulus",
        "draggable-0",
        "draggable-1",
        "draggable-2",
        "draggable-3",
        "draggable-4",
        "draggable-5",
        "draggable-6",
        "draggable-7",
        "draggable-8",
        "draggable-9"
      ]
    },
    {
      "id": "tip",
      "trackIds": [
        "Tip"
      ]
    },
    {
      "id": "Correct",
      "trackIds": [
        "CorrectCannedResponse",
        "CorrectFeedback"
      ]
    },
    {
      "id": "PartiallyCorrect",
      "trackIds": [
        "PartiallyCannedResponse",
        "PartiallyCorrectFeedback"
      ]
    },
    {
      "id": "Incorrect",
      "trackIds": [
        "IncorrectCannedResponse",
        "IncorrectFeedback"
      ]
    },
    {
      "id": "FinalIncorrect",
      "trackIds": [
        "FinalIncorrectCannedResponse",
        "FinalIncorrectFeedback"
      ]
    }
  ],
  "tracks": [
    {
      "id": "ActivityTitle",
      "clipBegin": "",
      "clipEnd": "",
      "src": ""
    },
    {
      "id": "QuestionStem",
      "clipBegin": "",
      "clipEnd": "",
      "src": ""
    },
    {
      "id": "Tip",
      "clipBegin": "00:00:00.000",
      "clipEnd": "00:00:00.001",
      "src": ""
    },
    {
      "id": "Stimulus",
      "clipBegin": "00:00:00.000",
      "clipEnd": "00:00:00.001",
      "src": ""
    },
    {
      "id": "draggable-0",
      "clipBegin": "",
      "clipEnd": "",
      "src": ""
    },
    {
      "id": "draggable-1",
      "clipBegin": "",
      "clipEnd": "",
      "src": ""
    },
    {
      "id": "draggable-2",
      "clipBegin": "",
      "clipEnd": "",
      "src": ""
    },
    {
      "id": "draggable-3",
      "clipBegin": "",
      "clipEnd": "",
      "src": ""
    },
    {
      "id": "draggable-4",
      "clipBegin": "",
      "clipEnd": "",
      "src": ""
    },
    {
      "id": "draggable-5",
      "clipBegin": "",
      "clipEnd": "",
      "src": ""
    },
    {
      "id": "draggable-6",
      "clipBegin": "",
      "clipEnd": "",
      "src": ""
    },
    {
      "id": "draggable-7",
      "clipBegin": "",
      "clipEnd": "",
      "src": ""
    },
    {
      "id": "draggable-8",
      "clipBegin": "",
      "clipEnd": "",
      "src": ""
    },
    {
      "id": "draggable-9",
      "clipBegin": "",
      "clipEnd": "",
      "src": ""
    },
    {
      "id": "CorrectCannedResponse",
      "clipBegin": "",
      "clipEnd": "",
      "src": ""
    },
    {
      "id": "CorrectFeedback",
      "clipBegin": "",
      "clipEnd": "",
      "src": ""
    },
    {
      "id": "PartiallyCannedResponse",
      "clipBegin": "",
      "clipEnd": "",
      "src": ""
    },
    {
      "id": "PartiallyCorrectFeedback",
      "clipBegin": "",
      "clipEnd": "",
      "src": ""
    },
    {
      "id": "IncorrectCannedResponse",
      "clipBegin": "",
      "clipEnd": "",
      "src": ""
    },
    {
      "id": "IncorrectFeedback",
      "clipBegin": "",
      "clipEnd": "",
      "src": ""
    },
    {
      "id": "FinalIncorrectCannedResponse",
      "clipBegin": "",
      "clipEnd": "",
      "src": ""
    },
    {
      "id": "FinalIncorrectFeedback",
      "clipBegin": "",
      "clipEnd": "",
      "src": ""
    }
  ]
}
