{
  "mapping_data": [
    {
      "source_key_name": "draggable",
      "target_key_name": "draggable",
      "parent_name_1": "clipBegin",
      "parent_name_2": "clipEnd",
      "iterative": "yes",
      "array_type": "tracks",
      "array_type_pl": "playlists",
      "reference_name": "id",
      "data_type": "draggable",
      "data_type_pl": "draggable",
      "inside_trackid": "trackIds"
    },
    {
      "source_key_name": "title",
      "target_key_name": "ActivityTitle",
      "parent_name_1": "clipBegin",
      "parent_name_2": "clipEnd",
      "iterative": "no",
      "array_type": "tracks",
      "array_type_pl": "playlists",
      "reference_name": "id",
      "data_type": "text",
      "data_type_pl": "",
      "inside_trackid": ""
    },
    {
      "source_key_name": "stem",
      "target_key_name": "QuestionStem",
      "parent_name_1": "clipBegin",
      "parent_name_2": "clipEnd",
      "iterative": "no",
      "array_type": "tracks",
      "array_type_pl": "playlists",
      "reference_name": "id",
      "data_type": "text",
      "data_type_pl": "",
      "inside_trackid": ""
    },
    {
      "source_key_name": "tableHeader",
      "target_key_name": "TableHeader",
      "parent_name_1": "clipBegin",
      "parent_name_2": "clipEnd",
      "iterative": "no",
      "array_type": "tracks",
      "array_type_pl": "playlists",
      "reference_name": "id",
      "data_type": "text",
      "data_type_pl": "",
      "inside_trackid": ""
    },
    {
      "source_key_name": "correct",
      "target_key_name": "CorrectCannedResponse",
      "parent_name_1": "clipBegin",
      "parent_name_2": "clipEnd",
      "iterative": "no",
      "array_type": "tracks",
      "array_type_pl": "playlists",
      "reference_name": "id",
      "data_type": "text",
      "data_type_pl": "",
      "inside_trackid": ""
    },
    {
      "source_key_name": "not-it",
      "target_key_name": "PartiallyCannedResponse",
      "parent_name_1": "clipBegin",
      "parent_name_2": "clipEnd",
      "iterative": "no",
      "array_type": "tracks",
      "array_type_pl": "playlists",
      "reference_name": "id",
      "data_type": "text",
      "data_type_pl": "",
      "inside_trackid": ""
    },
    {
      "source_key_name": "not-it",
      "target_key_name": "IncorrectCannedResponse",
      "parent_name_1": "clipBegin",
      "parent_name_2": "clipEnd",
      "iterative": "no",
      "array_type": "tracks",
      "array_type_pl": "playlists",
      "reference_name": "id",
      "data_type": "text",
      "data_type_pl": "",
      "inside_trackid": ""
    },
    {
      "source_key_name": "not-it",
      "target_key_name": "FinalIncorrectCannedResponse",
      "parent_name_1": "clipBegin",
      "parent_name_2": "clipEnd",
      "iterative": "no",
      "array_type": "tracks",
      "array_type_pl": "playlists",
      "reference_name": "id",
      "data_type": "text",
      "data_type_pl": "",
      "inside_trackid": ""
    },
    {
      "source_key_name": "final-wrong",
      "target_key_name": "CorrectFeedback",
      "parent_name_1": "clipBegin",
      "parent_name_2": "clipEnd",
      "iterative": "no",
      "array_type": "tracks",
      "array_type_pl": "playlists",
      "reference_name": "id",
      "data_type": "text",
      "data_type_pl": "",
      "inside_trackid": ""
    },
    {
      "source_key_name": "wrong",
      "target_key_name": "PartiallyCorrectFeedback",
      "parent_name_1": "clipBegin",
      "parent_name_2": "clipEnd",
      "iterative": "no",
      "array_type": "tracks",
      "array_type_pl": "playlists",
      "reference_name": "id",
      "data_type": "text",
      "data_type_pl": "",
      "inside_trackid": ""
    },
    {
      "source_key_name": "wrong",
      "target_key_name": "IncorrectFeedback",
      "parent_name_1": "clipBegin",
      "parent_name_2": "clipEnd",
      "iterative": "no",
      "array_type": "tracks",
      "array_type_pl": "playlists",
      "reference_name": "id",
      "data_type": "text",
      "data_type_pl": "",
      "inside_trackid": ""
    },
    {
      "source_key_name": "final-wrong",
      "target_key_name": "FinalIncorrectFeedback",
      "parent_name_1": "clipBegin",
      "parent_name_2": "clipEnd",
      "iterative": "no",
      "array_type": "tracks",
      "array_type_pl": "playlists",
      "reference_name": "id",
      "data_type": "text",
      "data_type_pl": "",
      "inside_trackid": ""
    },
    {
      "source_key_name": "",
      "target_key_name": "",
      "parent_name_1": "src",
      "parent_name_2": "",
      "iterative": "yes",
      "array_type": "tracks",
      "array_type_pl": "",
      "reference_name": "",
      "data_type": "srcpath",
      "data_type_pl": "",
      "inside_trackid": ""
    }
  ]
}
