{
  "configuration": {
    "name": "widget_023908682148298754",
    "title": "Label the Map",
    "stem": "Drag each label to the correct location on the map.",
    "stemImage": "",
    "stemImageShown": false,
    "feedBack": {
      "attempts": "2",
      "firstWrongHint": "",
      "finalWrongHint": "",
      "correctHint": ""
    },
    "options": [
      {
        "image": "",
        "id": "Target1",
        "direction": "RIGHT",
        "left": 34.16230366492147,
        "top": 31.667369874573282,
        "target": "option_1"
      },
      {
        "image": "images/placeholder.svg",
        "id": "Target2",
        "label": "",
        "left": 56.80628272251309,
        "top": 58.4250700011507,
        "disabled": false,
        "active": false,
        "status": "active",
        "order": 2,
        "width": 0,
        "detailLayout": "TI",
        "direction": "UP",
        "title": "[place holder TITLE]",
        "description": "[place holder DESCRIPTION]",
        "target": "option_2"
      },
      {
        "image": "images/placeholder.svg",
        "id": "Target3",
        "label": "",
        "left": 67.01570680628272,
        "top": 20.129645966783016,
        "disabled": false,
        "active": false,
        "status": "active",
        "order": 3,
        "width": 0,
        "detailLayout": "TI",
        "direction": "LEFT",
        "title": "[place holder TITLE]",
        "description": "[place holder DESCRIPTION]",
        "target": "option_3"
      },
      {
        "image": "images/placeholder.svg",
        "id": "Target4",
        "label": "",
        "left": 41.62303664921466,
        "top": 42.95961029496375,
        "disabled": false,
        "active": false,
        "status": "active",
        "order": 4,
        "width": 0,
        "detailLayout": "TI",
        "direction": "RIGHT",
        "title": "[place holder TITLE]",
        "description": "[place holder DESCRIPTION]",
        "target": "option_4"
      },
      {
        "image": "images/placeholder.svg",
        "id": "Target5",
        "label": "",
        "left": 45.54973821989529,
        "top": 8.100955084193165,
        "disabled": false,
        "active": false,
        "status": "active",
        "order": 5,
        "width": 0,
        "detailLayout": "TI",
        "direction": "RIGHT",
        "title": "[place holder TITLE]",
        "description": "[place holder DESCRIPTION]",
        "target": "option_5"
      }
    ],
    "voiceOver": "",
    "tipText": "",
    "downloadLink": "",
    "instantFeedback": false,
    "teacherAnswer": "",
    "image": "../../../../img/cards/ms_snlese668737_120m.jpg",
    "layoutType": "TEXT",
    "inputType": "checkbox",
    "hotSpotWidth": 40,
    "hotSpotHeight": 44,
    "translucent": false,
    "draggables": [
      {
        "id": "option_1",
        "label": "English Channel"
      },
      {
        "id": "option_2",
        "label": "The Alps",
        "target": "Target1"
      },
      {
        "id": "option_3",
        "label": "Berlin",
        "target": "Target1"
      },
      {
        "id": "option_4",
        "label": "Paris",
        "target": "Target1"
      },
      {
        "id": "option_5",
        "label": "North Sea",
        "target": "Target1"
      }
    ],
    "questionImage": "",
    "tries": 1
  }
}
