{
  "ActivityTitle": "<p class=\"quill-source-editor\">Label the Map</p>",
  "QuestionStem": "<p class=\"quill-source-editor\">Drag each label to the correct location on the map.</p>",
  "VOIntro": "",
  "Tip": "",
  "Summary": "",
  "image": "../../../../../img/cards/ms_snlese668737_120m.jpg",
  "layoutType": "TEXT",
  "inputType": "checkbox",
  "hotSpotWidth": 40,
  "hotSpotHeight": 44,
  "translucent": false,
  "options": [
    {
      "id": "Target1",
      "direction": "RIGHT",
      "label": "",
      "left": 34.16230366492147,
      "top": 31.667369874573282,
      "target": "option_1"
    },
    {
      "id": "Target2",
      "direction": "UP",
      "label": "",
      "left": 56.80628272251309,
      "top": 58.4250700011507,
      "target": "option_2"
    },
    {
      "id": "Target3",
      "label": "",
      "left": 67.01570680628272,
      "top": 20.129645966783016,
      "disabled": false,
      "active": false,
      "status": "active",
      "order": 3,
      "width": 0,
      "detailLayout": "TI",
      "direction": "LEFT",
      "title": "[place holder TITLE]",
      "description": "[place holder DESCRIPTION]",
      "image": "images/placeholder.svg",
      "target": "option_3"
    },
    {
      "id": "Target4",
      "label": "",
      "left": 41.62303664921466,
      "top": 42.95961029496375,
      "disabled": false,
      "active": false,
      "status": "active",
      "order": 4,
      "width": 0,
      "detailLayout": "TI",
      "direction": "RIGHT",
      "title": "[place holder TITLE]",
      "description": "[place holder DESCRIPTION]",
      "image": "images/placeholder.svg",
      "target": "option_4"
    },
    {
      "id": "Target5",
      "label": "",
      "left": 45.54973821989529,
      "top": 8.100955084193165,
      "disabled": false,
      "active": false,
      "status": "active",
      "order": 5,
      "width": 0,
      "detailLayout": "TI",
      "direction": "RIGHT",
      "title": "[place holder TITLE]",
      "description": "[place holder DESCRIPTION]",
      "image": "images/placeholder.svg",
      "target": "option_5"
    }
  ],
  "draggables": [
    {
      "id": "option_1",
      "label": "English Channel",
      "target": ""
    },
    {
      "id": "option_2",
      "label": "The Alps",
      "target": "Target1"
    },
    {
      "id": "option_3",
      "label": "Berlin",
      "target": "Target1"
    },
    {
      "id": "option_4",
      "label": "Paris",
      "target": "Target1"
    },
    {
      "id": "option_5",
      "label": "North Sea",
      "target": "Target1"
    }
  ],
  "Stimulus": {
    "image": {
      "src": "",
      "credits": ""
    },
    "text": {
      "src": ""
    },
    "audio": {
      "src": "",
      "caption": "",
      "credit": ""
    },
    "video": {
      "src": ""
    }
  },
  "instantFeedbackAllowed": "<p class=\"quill-source-editor\">false</p>",
  "optionsAreImages": false,
  "optionsType": "text",
  "CorrectCannedResponse": "<p class=\"quill-source-editor\">Well Done.</p>",
  "CorrectFeedback": "",
  "PartiallyCannedResponse": "<p class=\"quill-source-editor\">That's not it.</p>",
  "PartiallyCorrectFeedback": "",
  "IncorrectCannedResponse": "<p class=\"quill-source-editor\">That's not it.</p>",
  "IncorrectFeedback": "",
  "FinalIncorrectCannedResponse": "<p class=\"quill-source-editor\">That’s not it.</p>",
  "FinalIncorrectFeedback": "",
  "CorrectVOFeedback": "",
  "PartiallyCorrectVOFeedback": "",
  "IncorrectVOFeedback": "",
  "FinalIncorrectVOFeedback": "",
  "AudioFromRCE": true,
  "isPracticeInteraction": true,
  "AllowFullScreen": true,
  "AllowRefresh": true,
  "ShowAnswerOption": true,
  "SubmitToTeacherOption": false,
  "MaxAttempts": 2,
  "audioFile": "../../../../widget_data/audio_data/ddd_background_ngss.json",
  "audioSchema": "drag_drop_background_audio_schema.json",
  "selectedLocale": "en-US"
}
