{
  "assets_config": {
    "image_path": "../../../../../img/cards/",
    "audio_path": "../../../../widget_data/audio_data/",
    "video_path": ""
  },
  "mapping_data": [
    {
      "source_key_name": "title",
      "target_key_name": "ActivityTitle",
      "source_parent_name": "configuration",
      "target_parent_name": "",
      "iterative": "no",
      "para_tag": "yes",
      "difference_in_index": "0",
      "data_type": "text"
    },
    {
      "source_key_name": "instantFeedback",
      "target_key_name": "instantFeedbackAllowed",
      "source_parent_name": "configuration",
      "target_parent_name": "",
      "iterative": "no",
      "para_tag": "yes",
      "difference_in_index": "0",
      "data_type": "text"
    },
    {
      "source_key_name": "stem",
      "target_key_name": "QuestionStem",
      "source_parent_name": "configuration",
      "target_parent_name": "",
      "iterative": "no",
      "para_tag": "yes",
      "difference_in_index": "0",
      "data_type": "text"
    },
    {
      "source_key_name": "voiceOver",
      "target_key_name": "VOIntro",
      "source_parent_name": "configuration",
      "target_parent_name": "",
      "iterative": "no",
      "para_tag": "yes",
      "difference_in_index": "0",
      "data_type": "text"
    },
    {
      "source_key_name": "tipText",
      "target_key_name": "Tip",
      "source_parent_name": "configuration",
      "target_parent_name": "",
      "iterative": "no",
      "para_tag": "yes",
      "difference_in_index": "0",
      "data_type": "text"
    },
    {
      "source_key_name": "hotSpotHeight",
      "target_key_name": "hotSpotHeight",
      "source_parent_name": "configuration",
      "target_parent_name": "",
      "iterative": "no",
      "para_tag": "no",
      "difference_in_index": "0",
      "data_type": "text"
    },
    {
      "source_key_name": "hotSpotWidth",
      "target_key_name": "hotSpotWidth",
      "source_parent_name": "configuration",
      "target_parent_name": "",
      "iterative": "no",
      "para_tag": "no",
      "difference_in_index": "0",
      "data_type": "text"
    },
    {
      "source_key_name": "inputType",
      "target_key_name": "inputType",
      "source_parent_name": "configuration",
      "target_parent_name": "",
      "iterative": "no",
      "para_tag": "no",
      "difference_in_index": "0",
      "data_type": "text"
    },
    {
      "source_key_name": "layoutType",
      "target_key_name": "layoutType",
      "source_parent_name": "configuration",
      "target_parent_name": "",
      "iterative": "no",
      "para_tag": "no",
      "difference_in_index": "0",
      "data_type": "text"
    },
    {
      "source_key_name": "image",
      "target_key_name": "image",
      "source_parent_name": "configuration",
      "target_parent_name": "",
      "iterative": "no",
      "para_tag": "no",
      "difference_in_index": "0",
      "data_type": "image"
    },
    {
      "source_key_name": "stemImage",
      "target_key_name": "src",
      "source_parent_name": "configuration",
      "target_parent_name": "Stimulus.image",
      "iterative": "no",
      "para_tag": "no",
      "difference_in_index": "0",
      "data_type": "image"
    },
    {
      "source_key_name": "stemImageAlt",
      "target_key_name": "altText",
      "source_parent_name": "configuration",
      "target_parent_name": "Stimulus.image",
      "iterative": "no",
      "para_tag": "no",
      "difference_in_index": "0",
      "data_type": "text"
    },
    {
      "source_key_name": "id",
      "target_key_name": "id",
      "source_parent_name": "configuration.options",
      "target_parent_name": "options",
      "iterative": "yes",
      "para_tag": "no",
      "difference_in_index": "0",
      "data_type": "text"
    },
    {
      "source_key_name": "left",
      "target_key_name": "left",
      "source_parent_name": "configuration.options",
      "target_parent_name": "options",
      "iterative": "yes",
      "para_tag": "no",
      "difference_in_index": "0",
      "data_type": "text"
    },
    {
      "source_key_name": "top",
      "target_key_name": "top",
      "source_parent_name": "configuration.options",
      "target_parent_name": "options",
      "iterative": "yes",
      "para_tag": "no",
      "difference_in_index": "0",
      "data_type": "text"
    },
    {
      "source_key_name": "direction",
      "target_key_name": "direction",
      "source_parent_name": "configuration.options",
      "target_parent_name": "options",
      "iterative": "yes",
      "para_tag": "no",
      "difference_in_index": "0",
      "data_type": "text"
    },
    {
      "source_key_name": "target",
      "target_key_name": "target",
      "source_parent_name": "configuration.options",
      "target_parent_name": "options",
      "iterative": "yes",
      "para_tag": "no",
      "difference_in_index": "0",
      "data_type": "text"
    },
    {
      "source_key_name": "id",
      "target_key_name": "id",
      "source_parent_name": "configuration.draggables",
      "target_parent_name": "draggables",
      "iterative": "yes",
      "para_tag": "no",
      "difference_in_index": "0",
      "data_type": "text"
    },
    {
      "source_key_name": "label",
      "target_key_name": "label",
      "source_parent_name": "configuration.draggables",
      "target_parent_name": "draggables",
      "iterative": "yes",
      "para_tag": "no",
      "difference_in_index": "0",
      "data_type": "text"
    },
    {
      "source_key_name": "target",
      "target_key_name": "target",
      "source_parent_name": "configuration.draggables",
      "target_parent_name": "draggables",
      "iterative": "yes",
      "para_tag": "no",
      "difference_in_index": "0",
      "data_type": "text"
    },
    {
      "source_key_name":"attempts",
      "target_key_name":"MaxAttempts",
      "source_parent_name":"configuration.feedBack",
      "target_parent_name":"",
      "iterative": "no",
      "para_tag":"no",
      "difference_in_index": "0",
      "data_type":"number"
    },
    {
      "source_key_name":"firstWrongHint",
      "target_key_name":"IncorrectFeedback",
      "source_parent_name":"configuration.feedBack",
      "target_parent_name":"",
      "iterative": "no",
      "para_tag":"yes",
      "difference_in_index": "0",
      "data_type":"text"
    },
    {
      "source_key_name":"firstWrongHint",
      "target_key_name":"PartiallyCorrectFeedback",
      "source_parent_name":"configuration.feedBack",
      "target_parent_name":"",
      "iterative": "no",
      "para_tag":"yes",
      "difference_in_index": "0",
      "data_type":"text"
    },
    {
      "source_key_name":"finalWrongHint",
      "target_key_name":"CorrectFeedback",
      "source_parent_name":"configuration.feedBack",
      "target_parent_name":"",
      "iterative": "no",
      "para_tag":"yes",
      "difference_in_index": "0",
      "data_type":"text"
    },
    {
      "source_key_name": "audioFile",
      "target_key_name": "audioFile",
      "source_parent_name": "",
      "target_parent_name": "",
      "iterative": "no",
      "para_tag": "no",
      "difference_in_index": "0",
      "data_type": "audio"
    },
    {
      "source_key_name":"finalWrongHint",
      "target_key_name":"FinalIncorrectFeedback",
      "source_parent_name":"configuration.feedBack",
      "target_parent_name":"",
      "iterative": "no",
      "para_tag":"yes",
      "difference_in_index": "0",
      "data_type":"text"
    }

  ]
}
