{"type":"ExpLib_MCQ","contentId":"","playlists":[{"id":"start","trackIds":["ActivityTitle","QuestionStem","optionsAnswerText-0","optionsAnswerText-1","optionsAnswerText-2","optionsAnswerText-3"]},{"id":"Incorrect-0","trackIds":["optionsCannedResponse-0","optionsFeedback-0"]},{"id":"Incorrect-1","trackIds":["optionsCannedResponse-1","optionsFeedback-1"]},{"id":"Incorrect-2","trackIds":["optionsCannedResponse-2","optionsFeedback-2"]},{"id":"Incorrect-3","trackIds":["optionsCannedResponse-3","optionsFeedback-3"]},{"id":"CorrectSingle","trackIds":["optionsCannedResponse-0","optionsFeedback-0"]},{"id":"tip","trackIds":["Tip"]},{"id":"Correct","trackIds":["CorrectCannedResponse","CorrectFeedback"]},{"id":"Incorrect","trackIds":["IncorrectCannedResponse","IncorrectFeedback"]},{"id":"FinalIncorrect","trackIds":["FinalIncorrectCannedResponse","FinalIncorrectFeedback"]},{"id":"FinalIncorrectSingle","trackIds":["FinalCannedResponse","FinalIncorrectFeedback"]},{"id":"PartiallyCorrect","trackIds":["PartiallyCannedResponse","PartiallyCorrectFeedback"]}],"tracks":[{"id":"ActivityTitle","clipBegin":"00:00:00","clipEnd":"00:00:01.541","src":"../../../../audio/widgets/2243db1b85ee43f6a49edbd42a8cc8a2.mp3"},{"id":"QuestionStem","clipBegin":"00:00:01.542","clipEnd":"00:00:16.693","src":"../../../../audio/widgets/2243db1b85ee43f6a49edbd42a8cc8a2.mp3"},{"id":"optionsAnswerText-0","clipBegin":"00:00:16.694","clipEnd":"00:00:17.609","src":"../../../../audio/widgets/2243db1b85ee43f6a49edbd42a8cc8a2.mp3"},{"id":"optionsAnswerText-1","clipBegin":"00:00:17.61","clipEnd":"00:00:18.524","src":"../../../../audio/widgets/2243db1b85ee43f6a49edbd42a8cc8a2.mp3"},{"id":"optionsAnswerText-2","clipBegin":"00:00:18.525","clipEnd":"00:00:19.335","src":"../../../../audio/widgets/2243db1b85ee43f6a49edbd42a8cc8a2.mp3"},{"id":"optionsAnswerText-3","clipBegin":"00:00:19.336","clipEnd":"00:00:20.407","src":"../../../../audio/widgets/2243db1b85ee43f6a49edbd42a8cc8a2.mp3"},{"id":"optionsCannedResponse-0","clipBegin":"00:00:00.000","clipEnd":"00:00:00.001","src":"../../../../audio/widgets/2243db1b85ee43f6a49edbd42a8cc8a2.mp3"},{"id":"optionsCannedResponse-1","clipBegin":"00:00:00.000","clipEnd":"00:00:00.001","src":"../../../../audio/widgets/2243db1b85ee43f6a49edbd42a8cc8a2.mp3"},{"id":"optionsCannedResponse-2","clipBegin":"00:00:00.000","clipEnd":"00:00:00.001","src":"../../../../audio/widgets/2243db1b85ee43f6a49edbd42a8cc8a2.mp3"},{"id":"optionsCannedResponse-3","clipBegin":"00:00:00.000","clipEnd":"00:00:00.001","src":"../../../../audio/widgets/2243db1b85ee43f6a49edbd42a8cc8a2.mp3"},{"id":"optionsFeedback-0","clipBegin":"00:00:20.408","clipEnd":"00:00:30.047","src":"../../../../audio/widgets/2243db1b85ee43f6a49edbd42a8cc8a2.mp3"},{"id":"optionsFeedback-1","clipBegin":"00:00:30.048","clipEnd":"00:00:39.504","src":"../../../../audio/widgets/2243db1b85ee43f6a49edbd42a8cc8a2.mp3"},{"id":"optionsFeedback-2","clipBegin":"00:00:30.048","clipEnd":"00:00:39.504","src":"../../../../audio/widgets/2243db1b85ee43f6a49edbd42a8cc8a2.mp3"},{"id":"optionsFeedback-3","clipBegin":"00:00:30.048","clipEnd":"00:00:39.504","src":"../../../../audio/widgets/2243db1b85ee43f6a49edbd42a8cc8a2.mp3"},{"id":"Tip","clipBegin":"00:00:00.000","clipEnd":"00:00:00.001","src":"../../../../audio/widgets/2243db1b85ee43f6a49edbd42a8cc8a2.mp3"},{"id":"CorrectCannedResponse","clipBegin":"00:00:00.000","clipEnd":"00:00:00.001","src":"../../../../audio/widgets/2243db1b85ee43f6a49edbd42a8cc8a2.mp3"},{"id":"CorrectFeedback","clipBegin":"00:00:20.408","clipEnd":"00:00:30.047","src":"../../../../audio/widgets/2243db1b85ee43f6a49edbd42a8cc8a2.mp3"},{"id":"PartiallyCannedResponse","clipBegin":"00:00:00.000","clipEnd":"00:00:00.001","src":"../../../../audio/widgets/2243db1b85ee43f6a49edbd42a8cc8a2.mp3"},{"id":"PartiallyCorrectFeedback","clipBegin":"00:00:30.048","clipEnd":"00:00:39.504","src":"../../../../audio/widgets/2243db1b85ee43f6a49edbd42a8cc8a2.mp3"},{"id":"IncorrectCannedResponse","clipBegin":"00:00:00.000","clipEnd":"00:00:00.001","src":"../../../../audio/widgets/2243db1b85ee43f6a49edbd42a8cc8a2.mp3"},{"id":"IncorrectFeedback","clipBegin":"00:00:30.048","clipEnd":"00:00:39.504","src":"../../../../audio/widgets/2243db1b85ee43f6a49edbd42a8cc8a2.mp3"},{"id":"FinalCannedResponse","clipBegin":"00:00:00.000","clipEnd":"00:00:00.001","src":"../../../../audio/widgets/2243db1b85ee43f6a49edbd42a8cc8a2.mp3"},{"id":"FinalIncorrectCannedResponse","clipBegin":"00:00:00.000","clipEnd":"00:00:00.001","src":"../../../../audio/widgets/2243db1b85ee43f6a49edbd42a8cc8a2.mp3"},{"id":"FinalIncorrectFeedback","clipBegin":"00:00:30.048","clipEnd":"00:00:39.504","src":"../../../../audio/widgets/2243db1b85ee43f6a49edbd42a8cc8a2.mp3"}]}