{
  "type": "SSNA_Multiple_Choice",
  "contentId": "",
  "playlists": [
    {
      "id": "init_screen",
      "trackIds": [
        "header",
        "question",
        "option-0",
        "option-1",
        "option-2",
        "option-3"
      ]
    },
    {
      "id": "revisit_correct_screen",
      "trackIds": [
        "header",
        "question",
        "correct_feedback"
      ]
    },
    {
      "id": "revisit_incorrect_screen",
      "trackIds": [
        "header",
        "question",
        "incorrect_feedback"
      ]
    },
    {
      "id": "correct_feedback",
      "trackIds": [
        "correct_feedback"
      ]
    },
    {
      "id": "incorrect_feedback",
      "trackIds": [
        "incorrect_feedback"
      ]
    }
  ],
  "tracks": [
    {
      "id": "header",
      "clipBegin": "00:00:00",
      "clipEnd": "00:00:01.541",
      "src": "../../audio/widgets/2243db1b85ee43f6a49edbd42a8cc8a2.mp3"
    },
    {
      "id": "question",
      "clipBegin": "00:00:01.542",
      "clipEnd": "00:00:16.693",
      "src": "../../audio/widgets/2243db1b85ee43f6a49edbd42a8cc8a2.mp3"
    },
    {
      "id": "option-0",
      "clipBegin": "00:00:16.694",
      "clipEnd": "00:00:17.609",
      "src": "../../audio/widgets/2243db1b85ee43f6a49edbd42a8cc8a2.mp3"
    },
    {
      "id": "option-1",
      "clipBegin": "00:00:17.61",
      "clipEnd": "00:00:18.524",
      "src": "../../audio/widgets/2243db1b85ee43f6a49edbd42a8cc8a2.mp3"
    },
    {
      "id": "option-2",
      "clipBegin": "00:00:18.525",
      "clipEnd": "00:00:19.335",
      "src": "../../audio/widgets/2243db1b85ee43f6a49edbd42a8cc8a2.mp3"
    },
    {
      "id": "option-3",
      "clipBegin": "00:00:19.336",
      "clipEnd": "00:00:20.407",
      "src": "../../audio/widgets/2243db1b85ee43f6a49edbd42a8cc8a2.mp3"
    },
    {
      "id": "correct_feedback",
      "clipBegin": "00:00:20.408",
      "clipEnd": "00:00:30.047",
      "src": "../../audio/widgets/2243db1b85ee43f6a49edbd42a8cc8a2.mp3"
    },
    {
      "id": "incorrect_feedback",
      "clipBegin": "00:00:30.048",
      "clipEnd": "00:00:39.504",
      "src": "../../audio/widgets/2243db1b85ee43f6a49edbd42a8cc8a2.mp3"
    }
  ]
}