{
  "mapping_data": [
    {
      "source_key_name": "option",
      "target_key_name": "optionsFeedback",
      "parent_name_1": "clipBegin",
      "parent_name_2": "clipEnd",
      "iterative": "yes",
      "array_type": "tracks",
      "array_type_pl": "playlists",
      "reference_name": "id",
      "data_type": "option",
      "data_type_pl": "mcq_ss",
      "inside_trackid": "correct_feedback.incorrect_feedback"
    },
    {
      "source_key_name": "header",
      "target_key_name": "ActivityTitle",
      "parent_name_1": "clipBegin",
      "parent_name_2": "clipEnd",
      "iterative": "no",
      "array_type": "tracks",
      "array_type_pl": "",
      "reference_name": "id",
      "data_type": "text",
      "data_type_pl": "",
      "inside_trackid": ""
    },
    {
      "source_key_name": "question",
      "target_key_name": "QuestionStem",
      "parent_name_1": "clipBegin",
      "parent_name_2": "clipEnd",
      "iterative": "no",
      "array_type": "tracks",
      "array_type_pl": "",
      "reference_name": "id",
      "data_type": "text",
      "data_type_pl": "",
      "inside_trackid": ""
    },
    {
      "source_key_name": "option",
      "target_key_name": "optionsAnswerText",
      "parent_name_1": "clipBegin",
      "parent_name_2": "clipEnd",
      "iterative": "yes",
      "array_type": "tracks",
      "array_type_pl": "playlists",
      "reference_name": "id",
      "data_type": "option",
      "data_type_pl": "Incorrect",
      "inside_trackid": "trackIds"
    },

    {
      "source_key_name": "option",
      "target_key_name": "optionsCannedResponse",
      "parent_name_1": "clipBegin",
      "parent_name_2": "clipEnd",
      "iterative": "yes",
      "array_type": "tracks",
      "array_type_pl": "",
      "reference_name": "id",
      "data_type": "option",
      "data_type_pl": "",
      "inside_trackid": "response"
    },
    {
      "source_key_name": "incorrect_feedback",
      "target_key_name": "FinalIncorrectFeedback",
      "parent_name_1": "clipBegin",
      "parent_name_2": "clipEnd",
      "iterative": "no",
      "array_type": "tracks",
      "array_type_pl": "",
      "reference_name": "id",
      "data_type": "text",
      "data_type_pl": "",
      "inside_trackid": ""
    },
    {
      "source_key_name": "incorrect_feedback",
      "target_key_name": "PartiallyCorrectFeedback",
      "parent_name_1": "clipBegin",
      "parent_name_2": "clipEnd",
      "iterative": "no",
      "array_type": "tracks",
      "array_type_pl": "",
      "reference_name": "id",
      "data_type": "text",
      "data_type_pl": "",
      "inside_trackid": ""
    },
    {
      "source_key_name": "incorrect_feedback",
      "target_key_name": "IncorrectFeedback",
      "parent_name_1": "clipBegin",
      "parent_name_2": "clipEnd",
      "iterative": "no",
      "array_type": "tracks",
      "array_type_pl": "",
      "reference_name": "id",
      "data_type": "text",
      "data_type_pl": "",
      "inside_trackid": ""
    },
    {
      "source_key_name": "correct_feedback",
      "target_key_name": "CorrectFeedback",
      "parent_name_1": "clipBegin",
      "parent_name_2": "clipEnd",
      "iterative": "no",
      "array_type": "tracks",
      "array_type_pl": "",
      "reference_name": "id",
      "data_type": "text",
      "data_type_pl": "",
      "inside_trackid": ""
    },
    {
      "source_key_name": "",
      "target_key_name": "",
      "parent_name_1": "src",
      "parent_name_2": "",
      "iterative": "yes",
      "array_type": "tracks",
      "array_type_pl": "",
      "reference_name": "",
      "data_type": "srcpath",
      "data_type_pl": "",
      "inside_trackid": ""
    }
  ]
}
