{
  "type": "SSNA_Long_Text",
  "contentId": "",
  "playlists": [
    {
      "id": "init_screen",
      "trackIds": [
        "header",
        "question"
      ]
    },
    {
      "id": "correct_feedback",
      "trackIds": [
        "correct_feedback"
      ]
    },
    {
      "id": "revisit_screen",
      "trackIds": [
        "header",
        "question",
        "correct_feedback"
      ]
    }
  ],
  "tracks": [
    {
      "id": "question",
      "clipBegin": "00:00:00",
      "clipEnd": "00:00:05.46",
      "src": "../../audio/widgets/6fed3a9933a7494c82cb7fb5e05084f9.mp3"
    },
    {
      "id": "header",
      "clipBegin": "00:00:05.461",
      "clipEnd": "00:00:07.028",
      "src": "../../audio/widgets/6fed3a9933a7494c82cb7fb5e05084f9.mp3"
    },
    {
      "id": "correct_feedback",
      "clipBegin": "00:00:07.029",
      "clipEnd": "00:00:14.03",
      "src": "../../audio/widgets/6fed3a9933a7494c82cb7fb5e05084f9.mp3"
    }
  ]
}