{"type":"ExpLib_Short_Text","contentId":"","playlists":[{"id":"start","trackIds":["ActivityTitle","QuestionStem","Stimulus"]},{"id":"tip","trackIds":["Tip"]},{"id":"sample-answer","trackIds":["SampleAnswer"]}],"tracks":[{"id":"ActivityTitle","clipBegin":"00:00:05.461","clipEnd":"00:00:07.028","src":"../../../../audio/widgets/6fed3a9933a7494c82cb7fb5e05084f9.mp3"},{"id":"QuestionStem","clipBegin":"00:00:00","clipEnd":"00:00:05.46","src":"../../../../audio/widgets/6fed3a9933a7494c82cb7fb5e05084f9.mp3"},{"id":"Tip","clipBegin":"00:00:00.000","clipEnd":"00:00:00.001","src":"../../../../audio/widgets/6fed3a9933a7494c82cb7fb5e05084f9.mp3"},{"id":"Stimulus","clipBegin":"00:00:00.000","clipEnd":"00:00:00.001","src":"../../../../audio/widgets/6fed3a9933a7494c82cb7fb5e05084f9.mp3"},{"id":"SampleAnswer","clipBegin":"00:00:07.029","clipEnd":"00:00:14.03","src":"../../../../audio/widgets/6fed3a9933a7494c82cb7fb5e05084f9.mp3"}]}