{
  "ActivityTitle": "<p class='quill-source-editor'>Interpret Maps</p>",
  "QuestionStem": "<p class='quill-source-editor'><strong>Location</strong> Look at the map and the key. Which explorers’ expeditions went around the world? Circle their names on the routes. Then choose each correct name below. (Select all that apply.)</p>",
  "VOIntro": "",
  "Tip": "",
  "Summary": "",
  "options": [
    {
      "AnswerText": "Magellan",
      "ImageSrc": "",
      "ImageAlt": "",
      "ImageCaption": "",
      "value": 0,
      "CorrectAnswer": true
    },
    {
      "AnswerText": "De Gama",
      "ImageSrc": "",
      "ImageAlt": "",
      "ImageCaption": "",
      "value": 1,
      "CorrectAnswer": false
    },
    {
      "AnswerText": "Drake",
      "ImageSrc": "",
      "ImageAlt": "",
      "ImageCaption": "",
      "value": 2,
      "CorrectAnswer": true
    },
    {
      "AnswerText": "Columbus",
      "ImageSrc": "",
      "ImageAlt": "",
      "ImageCaption": "",
      "value": 3,
      "CorrectAnswer": false
    }
  ],
  "CorrectCannedResponse": "",
  "CorrectFeedback": "<p class='quill-source-editor'>Correct! Magellan was the first explorer to sail around the world. Then Drake sailed around the world nearly 60 years later.</p>",
  "PartiallyCannedResponse": "",
  "PartiallyCorrectFeedback": "",
  "IncorrectCannedResponse": "",
  "IncorrectFeedback": "",
  "FinalIncorrectCannedResponse": "",
  "FinalIncorrectFeedback": "<p class='quill-source-editor'>Incorrect. Magellan was the first explorer to sail around the world. Then Drake sailed around the world nearly 60 years later.</p>",
  "CorrectVOFeedback": "",
  "PartiallyCorrectVOFeedback": "",
  "IncorrectVOFeedback": "",
  "FinalIncorrectVOFeedback": "",
  "AudioFromRCE": true,
  "qtype": "mrq",
  "AllowFullScreen": true,
  "AllowRefresh": true,
  "ShowAnswerOption": false,
  "SubmitToTeacherOption": false,
  "optionsAreImages": false,
  "hasInstantFeedback": true,
  "hasCustomAttempts": true,
  "MaxAttempts": 1,
  "Stimulus": {
    "text": {
      "src": ""
    },
    "image": {
      "src": "",
      "altText": "",
      "credits": ""
    },
    "audio": {
      "src": "",
      "caption": "",
      "credit": ""
    },
    "video": {
      "src": ""
    }
  },
  "audioFile": "../../widget_data/audio_data/2243db1b85ee43f6a49edbd42a8cc8a2.json",
  "audioSchema": "mrq_audio_schema.json"
}