{
  "feedback_attempts": "",
  "instant_feedback": true,
  "multiple_responses": true,
  "options": [
    {
      "label": "Magellan",
      "value": 0
    },
    {
      "label": "De Gama",
      "value": 1
    },
    {
      "label": "Drake",
      "value": 2
    },
    {
      "label": "Columbus",
      "value": 3
    }
  ],
  "shuffle_options": false,
  "stimulus": "<p><strong>Location</strong> Look at the map and the key. Which explorers’ expeditions went around the world? Circle their names on the routes. Then choose each correct name below. (Select all that apply.)</p>",
  "header": "<p>Interpret Maps</p>",
  "header_background_style": "Standalone",
  "metadata": {
    "correct_feedback": "<p>Correct! Magellan was the first explorer to sail around the world. Then Drake sailed around the world nearly 60 years later.</p>",
    "incorrect_feedback": "<p>Incorrect. Magellan was the first explorer to sail around the world. Then Drake sailed around the world nearly 60 years later.</p>"
  },
  "type": "mcq",
  "ui_style": {
    "type": "vertical"
  },
  "validation": {
    "penalty": 1,
    "scoring_type": "exactMatch",
    "valid_response": {
      "score": "1",
      "value": [
        0,
        2
      ]
    }
  },
  "persistance": {
    "object_id": "df9346d0-4dac-46d6-8195-65a993c4dd3a",
    "content_id": "23ec010c-8c4d-4f88-8b73-27cce0011828",
    "l3": "",
    "l5": ""
  },
  "widgetType": "ssna-multiple-choice-question",
  "objectUuid": "2243db1b85ee43f6a49edbd42a8cc8a2",
  "audioFile": "../../widget_data/audio_data/2243db1b85ee43f6a49edbd42a8cc8a2.json",
  "audioSchema": "ssna_multiple_choice_question.json"
}
