{
  "ActivityTitle": "West Africa’s Loss of Farmland",
  "QuestionStem": "<p class='quill-source-editor'>Too many animals grazing in one area can lead to problems, such as loss of farmland that occurred in West Africa.</p>",
  "VOIntro": "",
  "Tip": "",
  "Summary": "",
  "content": {
    "spots": [
      {
        "left": "9.72222",
        "top": "67.3591",
        "direction": ""
      },
      {
        "left": "37.3016",
        "top": "47.7745",
        "direction": ""
      },
      {
        "left": "62.6984",
        "top": "27.2997",
        "direction": ""
      }
    ],
    "spotVoiceovers": [
      "",
      "",
      "",
      ""
    ],
    "interactionType": "panel",
    "image": "../../../../../img/cards/ms_snlese668171_390p.jpg",
    "imageAlt": "This color photograph shows the sharp division between grassland and desert in West Africa. In the foreground, a herd of cattle is grazing on lush green grass. The grass ends abruptly, though, after a short distance. Beyond that point is sand with just a few sparse clumps of grass. ",
    "imageCaption": "",
    "imageCredits": "",
    "panels": [
      {
        "title": "",
        "description": "Animals are allowed to graze in areas with lots of grass.",
        "image": ""
      },
      {
        "title": "",
        "description": "With too many animals grazing, however, the grass disappears. This leaves the soil below exposed to the wind.",
        "image": ""
      },
      {
        "title": "",
        "description": "The wind blows the soil away, turning what was once grassland into desert.",
        "image": ""
      }
    ]
  },
  "isPracticeInteraction": false,
  "AllowFullScreen": true,
  "AudioFromRCE": true,
  "AllowRefresh": true,
  "audioFile": "../../audio/manifests/config.json",
  "audioSchema": "hot_spot_audio_schema.json"
}
