{
  "base_image": "../../../img/cards/ms_snlese668171_390p.jpg",
  "title": "West Africa’s Loss of Farmland",
  "description": "<p>Too many animals grazing in one area can lead to problems, such as loss of farmland that occurred in West Africa.</p>",
  "image_position": "horizontal",
  "hotspots": [
    {
      "left": "9.72222%",
      "top": "67.3591%",
      "rotate": "0",
      "text": "Animals are allowed to graze in areas with lots of grass.",
      "number": "1",
      "headText": "",
      "mediaType": "-- select an option --",
      "image": "",
      "video": "",
      "subClipId": "",
      "videoTitle": "",
      "logoDetails": "",
      "videoHeading": "",
      "clipStartTime": "",
      "clipEndTime": "",
      "posterImage": "",
      "alttext": ""
    },
    {
      "left": "37.3016%",
      "top": "47.7745%",
      "rotate": "0",
      "text": "With too many animals grazing, however, the grass disappears. This leaves the soil below exposed to the wind.",
      "number": "2",
      "headText": "",
      "mediaType": "-- select an option --",
      "image": "",
      "video": "",
      "subClipId": "",
      "videoTitle": "",
      "logoDetails": "",
      "videoHeading": "",
      "clipStartTime": "",
      "clipEndTime": "",
      "posterImage": "",
      "alttext": ""
    },
    {
      "left": "62.6984%",
      "top": "27.2997%",
      "rotate": "0",
      "text": "The wind blows the soil away, turning what was once grassland into desert.",
      "number": "3",
      "headText": "",
      "mediaType": "-- select an option --",
      "image": "",
      "video": "",
      "subClipId": "",
      "videoTitle": "",
      "logoDetails": "",
      "videoHeading": "",
      "clipStartTime": "",
      "clipEndTime": "",
      "posterImage": "",
      "alttext": ""
    }
  ],
  "alt_text": "This color photograph shows the sharp division between grassland and desert in West Africa. In the foreground, a herd of cattle is grazing on lush green grass. The grass ends abruptly, though, after a short distance. Beyond that point is sand with just a few sparse clumps of grass. ",
  "hs_bgColor": true,
  "base_image_width": 590,
  "widgetType": "ssna-image-with-rich-media-hotspot",
  "objectUuid": "0a837ef74f3c4560bfcbe3d491c6ff70",
  "audioFile": "../../widget_data/audio_data/0a837ef74f3c4560bfcbe3d491c6ff70.json",
  "audioSchema": "ssna_image_hotspot_richmedia.json"
}
