{
  "feedback_attempts": "",
  "instant_feedback": true,
  "multiple_responses": false,
  "options": [
    {
      "label": "<p>tortoise shells</p>",
      "value": 0
    },
    {
      "label": "gold",
      "value": 1
    },
    {
      "label": "leopard skins",
      "value": 2
    },
    {
      "label": "ivory",
      "value": 3
    }
  ],
  "shuffle_options": false,
  "stimulus": "<p><b>Region </b>Which raw materials came from the savanna?</p>",
  "header": "<p>Interpret Maps</p>",
  "header_background_style": "Standalone",
  "metadata": {
    "correct_feedback": "<p>Correct!</p>",
    "incorrect_feedback": "<p>Incorrect. Leopard skins came from the savanna.</p>"
  },
  "type": "mcq",
  "ui_style": {
    "type": "vertical"
  },
  "validation": {
    "penalty": 1,
    "scoring_type": "exactMatch",
    "valid_response": {
      "score": "1",
      "value": [
        2
      ]
    }
  },
  "persistance": {
    "object_id": "97baa8da-0575-43cc-a028-350bb5c72e91",
    "content_id": "baa1551d-9b7d-4270-a558-a330dc59a05d",
    "l3": "",
    "l5": ""
  },
  "widgetType": "ssna-multiple-choice-question",
  "objectUuid": "dc2cf4afc4e54eba811db4aad4ea78d1",
  "audioFile": "../../widget_data/audio_data/dc2cf4afc4e54eba811db4aad4ea78d1.json",
  "audioSchema": "ssna_multiple_choice_question.json"
}
