{
  "ActivityTitle": "<p class='quill-source-editor'>Interpret Maps</p>",
  "QuestionStem": "<p class='quill-source-editor'><b>Region </b>Which raw materials came from the savanna?</p>",
  "VOIntro": "",
  "Tip": "",
  "Summary": "",
  "options": [
    {
      "AnswerText": "<p class='quill-source-editor'>tortoise shells</p>",
      "CannedResponse": "",
      "value": 0,
      "CorrectAnswer": false,
      "Feedback": "<p class='quill-source-editor'>Incorrect. Leopard skins came from the savanna.</p>"
    },
    {
      "AnswerText": "gold",
      "CannedResponse": "",
      "value": 1,
      "CorrectAnswer": false,
      "Feedback": "<p class='quill-source-editor'>Incorrect. Leopard skins came from the savanna.</p>"
    },
    {
      "AnswerText": "leopard skins",
      "CannedResponse": "",
      "value": 2,
      "CorrectAnswer": true,
      "Feedback": "<p class='quill-source-editor'>Correct!</p>"
    },
    {
      "AnswerText": "ivory",
      "CannedResponse": "",
      "value": 3,
      "CorrectAnswer": false,
      "Feedback": "<p class='quill-source-editor'>Incorrect. Leopard skins came from the savanna.</p>"
    }
  ],
  "FinalCannedResponse": "",
  "FinalIncorrectFeedback": "<p class='quill-source-editor'>Incorrect. Leopard skins came from the savanna.</p>",
  "FinalVOFeedback": "",
  "AudioFromRCE": true,
  "qtype": "mcq",
  "AllowFullScreen": true,
  "AllowRefresh": true,
  "ShowAnswerOption": false,
  "SubmitToTeacherOption": false,
  "optionsAreImages": false,
  "hasInstantFeedback": true,
  "hasCustomAttempts": true,
  "MaxAttempts": 1,
  "Stimulus": {
    "image": {
      "src": "",
      "credits": "",
      "altText": ""
    },
    "text": {
      "src": ""
    },
    "audio": {
      "src": "",
      "caption": "",
      "credit": ""
    },
    "video": {
      "src": ""
    }
  },
  "audioFile": "../../../../widget_data/audio_data/dc2cf4afc4e54eba811db4aad4ea78d1.json",
  "audioSchema": "mcq_audio_schema.json"
}
