{
  "assets_config": {
    "image_path": "../../../../../img/cards/",
    "audio_path": "",
    "video_path": ""
  },
  "mapping_data": [
    {
      "source_key_name": "audioFile",
      "target_key_name": "audioFile",
      "source_parent_name": "",
      "target_parent_name": "",
      "iterative": "no",
      "para_tag": "no",
      "difference_in_index": "audio_social",
      "data_type": "text"
    },
    {
      "source_key_name": "value",
      "target_key_name": "CorrectAnswer",
      "source_parent_name": "validation.valid_response",
      "target_parent_name": "options",
      "iterative": "yes",
      "para_tag": "no",
      "difference_in_index": "0",
      "data_type": "Correctvalue"
    },
    {
      "source_key_name": "correct_feedback,incorrect_feedback",
      "target_key_name": "Feedback",
      "source_parent_name": "metadata",
      "target_parent_name": "options",
      "iterative": "yes",
      "para_tag": "no",
      "difference_in_index": "0",
      "data_type": "feedback"
    },

    {
      "source_key_name": "incorrect_feedback",
      "target_key_name": "FinalIncorrectFeedback",
      "source_parent_name": "metadata",
      "target_parent_name": "",
      "iterative": "no",
      "para_tag": "no",
      "difference_in_index": "0",
      "data_type": "text"
    },
    {
      "source_key_name": "header",
      "target_key_name": "ActivityTitle",
      "source_parent_name": "",
      "target_parent_name": "",
      "iterative": "no",
      "para_tag": "no",
      "difference_in_index": "0",
      "data_type": "text"
    },
    {
      "source_key_name": "instant_feedback",
      "target_key_name": "hasInstantFeedback",
      "source_parent_name": "",
      "target_parent_name": "",
      "iterative": "no",
      "para_tag": "no",
      "difference_in_index": "0",
      "data_type": "text"
    },
    {
      "source_key_name": "penalty",
      "target_key_name": "MaxAttempts",
      "source_parent_name": "validation",
      "target_parent_name": "",
      "iterative": "no",
      "para_tag": "no",
      "difference_in_index": "0",
      "data_type": "text"
    },
    {
      "source_key_name": "stimulus",
      "target_key_name": "QuestionStem",
      "source_parent_name": "",
      "target_parent_name": "",
      "iterative": "no",
      "para_tag": "no",
      "difference_in_index": "0",
      "data_type": "text"
    },

    {
      "source_key_name": "label",
      "target_key_name": "AnswerText",
      "source_parent_name": "options",
      "target_parent_name": "options",
      "iterative": "yes",
      "para_tag": "no",
      "difference_in_index": "0",
      "data_type": "text"
    },
    {
      "source_key_name": "value",
      "target_key_name": "value",
      "source_parent_name": "options",
      "target_parent_name": "options",
      "iterative": "yes",
      "para_tag": "no",
      "difference_in_index": "0",
      "data_type": "text"
    }

  ]
}
