{"ActivityTitle":"","QuestionStem":"","VOIntro":"","Tip":"","Summary":"","audioFile":"../../../../widget_data/audio_data/a03753e4430a4739b35b7bc22025be15.json","audioSchema":"image_gallery_audio_schema.json","images":[{"image":"../../../../../img/cards/ms_snlese668737_503p.jpg","caption":"<p class='quill-source-editor'><b>Human Beginnings </b></p><p class='quill-source-editor'>The oldest humanoid remains ever discovered were found in East Africa. Anthropologists believe humans first developed in Africa and spread from there to the rest of the world.</p>","altText":"This photograph shows two human skulls side by side. The skull on the left is older and has been reconstructed from bone fragments and modern materials. The bone portions have turned yellow and brown with age. The skull on the right is a modern human skull, still white and clean. Some differences are evident between the two skulls. The older one has a longer, more pointed jaw and a much smaller chamber for the brain.","credits":"","voFeedback":""},{"image":"../../../../../img/cards/ms_snlese668737_501p.jpg","caption":"<p class='quill-source-editor'><b>Trade </b></p><p class='quill-source-editor'>West Africa’s salt mines were a great source of wealth. Camels carried salt from Saharan mines to the south to trade for gold.</p>","altText":"In this photograph, a woman is walking on a beach near a lake. She is carrying an empty bucket in one hand and a large basket of salt balanced on her head. All around her on the beach are huge mounds of salt, piled at least as high as the woman’s waist.","credits":"","voFeedback":""},{"image":"../../../../../img/cards/ms_snlese668737_502ap.jpg","caption":"<p class='quill-source-editor'><b>Traditions </b></p><p class='quill-source-editor'>Many African cultures had no written languages. Instead, storytellers, or griots, kept the cultures of West Africa alive with their stories.</p>","altText":"This photograph shows a man in traditional African ceremonial clothing who appears to be telling a story or making a presentation. He is wearing a woven white shirt under a robe dyed in a black-and-gold pattern. He also has a braided headdress wrapped like a wreath on his head. In his left hand he holds a microphone into which he is speaking. His right hand is gesturing toward the camera as if to emphasize a point.","credits":"","voFeedback":""},{"image":"../../../../../img/cards/ms_snlese673670_1517ap.jpg","caption":"<p class='quill-source-editor'><b>Art</b></p><p class='quill-source-editor'>The people of sub-Saharan Africa were skilled artists. Bronze statues like this one from the kingdom of Benin have been admired around the world.</p>","altText":"This photograph is a close-up of a bronze statue in a distinctly African style. The statue shows a man on horseback. The rider is wearing a large ornate crown and a loose robe. He is holding the horse’s reins in both hands. ","credits":"","voFeedback":""},{"image":"../../../../../img/cards/ms_snlese668737_733ap.jpg","caption":"<p class='quill-source-editor'><b>Slavery</b></p><p class='quill-source-editor'>The arrival of Europeans in the 1400s led to the beginnings of the African slave trade. Millions of Africans were brought to coastal forts and sent across the ocean.</p>","altText":"This photograph shows a large fortress with white walls as seen from across a busy square. The fortress is surrounded by a high wall and has few windows. The fortress is several stories high, with two towers rising above the rest of the structure. In the square are several buildings, many showing signs of age or weathering. The ocean is visible just beyond the fortress. Palm trees grow in and around the fortress as well.","credits":"","voFeedback":""},{"image":"../../../../../img/cards/ms_snlese668737_649p.jpg","caption":"<p class='quill-source-editor'><b>Continuity</b></p><p class='quill-source-editor'>Some groups in Africa continue to live as their ancestors did thousands of years ago. In remote areas, some groups still survive as hunter-gatherers.</p>","altText":"In this photograph, an African woman is standing outside of a dome-shaped shelter in the middle of a dense forest. The shelter is completely covered with leaves, making it seem to blend into the forest around it. The woman is carrying a large woven basket in one hand. A second similar basket is propped against the side of the shelter.","credits":"","voFeedback":""},{"image":"../../../../../img/cards/ms_snlese668737_517ap.jpg","caption":"<p class='quill-source-editor'><b>Independence</b></p><p class='quill-source-editor'>Some African leaders led campaigns to break free from European control. In Ethiopia, King Menelik II defeated the Italians in the Battle of Adwa.</p>","altText":"This detail from an Ethiopian painting shows a battle scene in a highly stylized presentation. On the left is the Ethiopian army, and on the right is the Italian army. On both sides, the soldiers stand packed together in long lines. At the center, a group of Ethiopian soldiers with curved swords, one wearing a golden crown and robe, are charging the Italians. Behind them, the Ethiopian army has rifles and cannons. The Italians likewise have guns and cannons, as well as white helmets.","credits":"","voFeedback":""}],"AudioFromRCE":true,"qtype":"imageGallery","AllowFullScreen":true,"AllowRefresh":true,"isPracticeInteraction":false}