{
  "assets_config": {
    "image_path": "../../../../../img/cards/",
    "audio_path": "",
    "video_path": ""
  },
  "mapping_data": [
    {
      "source_key_name": "mainheader",
      "target_key_name": "ActivityTitle",
      "source_parent_name": "PhotoCarousel",
      "target_parent_name": "",
      "iterative": "no",
      "para_tag": "no",
      "difference_in_index": "0",
      "data_type": "text"
    },
    {
      "source_key_name": "audioFile",
      "target_key_name": "audioFile",
      "source_parent_name": "",
      "target_parent_name": "",
      "iterative": "no",
      "para_tag": "no",
      "difference_in_index": "audio_social",
      "data_type": "text"
    },
    {
      "source_key_name": "img",
      "target_key_name": "image",
      "source_parent_name": "PhotoCarousel.items",
      "target_parent_name": "images",
      "iterative": "yes",
      "para_tag": "no",
      "difference_in_index": "0",
      "data_type": "image"
    },
    {
      "source_key_name": "desc",
      "target_key_name": "caption",
      "source_parent_name": "PhotoCarousel.items",
      "target_parent_name": "images",
      "iterative": "yes",
      "para_tag": "no",
      "difference_in_index": "0",
      "data_type": "text"
    },
    {
      "source_key_name": "alt",
      "target_key_name": "altText",
      "source_parent_name": "PhotoCarousel.items",
      "target_parent_name": "images",
      "iterative": "yes",
      "para_tag": "no",
      "difference_in_index": "0",
      "data_type": "text"
    }
  ]
}
