{
  "array_a": [
    {
      "title": "The Cotton Gin",
      "intro": "Eli Whitney’s cotton gin enabled workers to easily remove seeds from the fibers of short-staple cotton. The result was a dramatic increase in cotton production in the South.",
      "instruct": "Select the Play arrow to view the animation."
    },
    [
      {
        "caption": "off",
        "video_title_label": "video_title",
        "video_title": "The Cotton Gin",
        "video_lable": "The Cotton Gin",
        "video_id": "ref:ani_gin",
        "video_type": "video",
        "start_time": 0,
        "end_time": 0,
        "video_length": "",
        "video_caption": "test",
        "video_history_logo": true,
        "poster_history_logo": true,
        "thumb_image_url": "../../../img/module_6_lesson01/hs_snlese454194_cotton-gin.jpg",
        "poster_image_url": "../../../img/module_6_lesson01/hs_snlese454194_cotton-gin.jpg",
        "thumb_image_alt": "",
        "poster_image_alt": ""
      }
    ]
  ]
}