{
  "ActivityTitle": "",
  "QuestionStem": "",
  "VOIntro": "",
  "Tip": "",
  "Summary": "",
  "videos": [
    {
      "video": {
        "account": "710857105001",
        "policy_key": "HMH History Channel /SS1",
        "player": "a783f0c2-baeb-43e8-8d83-4270524a9ddd",
        "videoid": "",
        "stimulus": "",
        "startTime": "",
        "endTime": "",
        "posterAltImage": "",
        "posterImageCredits": ""
      }

    }
  ],
  "FinalCannedResponse": "",
  "FinalFeedback": "",
  "AudioFromRCE": true,
  "qtype": "video",
  "AllowFullScreen": false,
  "AllowAudio": true,
  "AllowRefresh": true,
  "ShowAnswerOption": false,
  "SubmitToTeacherOption": false,
  "MaxAttempts": "1",
  "isPracticeInteraction": false,
  "audioFile": "../../audio/manifests/config.json",
  "audioSchema": "video_audio_schema.json"
}
