{
  "ActivityTitle": "",
  "QuestionStem": "",
  "VOIntro": "",
  "Tip": "",
  "Summary": "",
  "videos": [
    {
      "video": {
        "account": "710857105001",
        "policy_key": "HMH History Channel /SS1",
        "player": "a783f0c2-baeb-43e8-8d83-4270524a9ddd",
        "videoid": "ani_gin",
        "stimulus": "../../../../../img/module_6_lesson01/hs_snlese454194_cotton-gin.jpg",
        "startTime": 0,
        "endTime": 0,
        "posterAltImage": "",
        "posterImageCredits": ""
      }
    }
  ],
  "FinalCannedResponse": "",
  "FinalFeedback": "",
  "AudioFromRCE": true,
  "qtype": "video",
  "AllowFullScreen": false,
  "AllowAudio": true,
  "AllowRefresh": true,
  "ShowAnswerOption": false,
  "SubmitToTeacherOption": false,
  "MaxAttempts": "1",
  "isPracticeInteraction": false,
  "audioFile": "../../undefined",
  "audioSchema": "video_audio_schema.json"
}